instance_id,model,seed,dataset_count,memory_level,memory_ratio,memory_capacity,total_dataset_size,memory_utilization_ratio,travel_time_per_edge,corruption_level,safe_dataset_count,unsafe_dataset_count,all_datasets_theoretically_safe,dataset_sizes,encoding_times,corruption_margins,loss_times,status,solved,planner,timeout_seconds,wall_runtime_seconds,return_code,reported_plan_length,reported_elapsed_time,plan_makespan,estimated_travel_time,stationary_time,action_count,move_actions,collect_actions,offload_actions,waiting_periods,total_waiting_time,problem_file,metadata_file,raw_output_file,error_message
rover-timed-n3-mem-low-corr-low-seed-0,timed,0,3,low,0.35,5,12,2.4,2.0,low,3,0,True,"[5, 5, 2]","[4, 5, 5]","[4.0, 3.0, 3.0]","[8.0, 8.0, 9.0]",solved,True,ENHSP default,60.0,0.49436,0,67,34.0,34.0,24.0,10.0,18,12,3,3,15,34.0,/mnt/c/Users/Endri/Desktop/planetary-rover-experimental-study/experiments/generated_problems/rover-timed-n3-mem-low-corr-low-seed-0.pddl,/mnt/c/Users/Endri/Desktop/planetary-rover-experimental-study/experiments/generated_problems/rover-timed-n3-mem-low-corr-low-seed-0.json,/mnt/c/Users/Endri/Desktop/planetary-rover-experimental-study/experiments/raw_outputs/rover-timed-n3-mem-low-corr-low-seed-0.txt,
rover-timed-n3-mem-low-corr-low-seed-1,timed,1,3,low,0.35,6,11,1.833333,2.0,low,3,0,True,"[3, 6, 2]","[4, 2, 5]","[5.0, 3.0, 3.0]","[9.0, 7.0, 9.0]",solved,True,ENHSP default,60.0,0.497946,0,65,32.0,32.0,24.0,8.0,18,12,3,3,15,32.0,/mnt/c/Users/Endri/Desktop/planetary-rover-experimental-study/experiments/generated_problems/rover-timed-n3-mem-low-corr-low-seed-1.pddl,/mnt/c/Users/Endri/Desktop/planetary-rover-experimental-study/experiments/generated_problems/rover-timed-n3-mem-low-corr-low-seed-1.json,/mnt/c/Users/Endri/Desktop/planetary-rover-experimental-study/experiments/raw_outputs/rover-timed-n3-mem-low-corr-low-seed-1.txt,
rover-timed-n3-mem-low-corr-low-seed-2,timed,2,3,low,0.35,3,6,2.0,2.0,low,3,0,True,"[2, 2, 2]","[4, 3, 4]","[4.0, 2.0, 2.0]","[8.0, 6.0, 8.0]",solved,True,ENHSP default,60.0,0.538338,0,64,31.0,31.0,24.0,7.0,18,12,3,3,15,31.0,/mnt/c/Users/Endri/Desktop/planetary-rover-experimental-study/experiments/generated_problems/rover-timed-n3-mem-low-corr-low-seed-2.pddl,/mnt/c/Users/Endri/Desktop/planetary-rover-experimental-study/experiments/generated_problems/rover-timed-n3-mem-low-corr-low-seed-2.json,/mnt/c/Users/Endri/Desktop/planetary-rover-experimental-study/experiments/raw_outputs/rover-timed-n3-mem-low-corr-low-seed-2.txt,
rover-timed-n3-mem-low-corr-low-seed-3,timed,3,3,low,0.35,6,15,2.5,2.0,low,3,0,True,"[3, 6, 6]","[3, 4, 5]","[4.0, 3.0, 5.0]","[7.0, 7.0, 11.0]",solved,True,ENHSP default,60.0,0.537136,0,67,34.0,34.0,24.0,10.0,18,12,3,3,15,34.0,/mnt/c/Users/Endri/Desktop/planetary-rover-experimental-study/experiments/generated_problems/rover-timed-n3-mem-low-corr-low-seed-3.pddl,/mnt/c/Users/Endri/Desktop/planetary-rover-experimental-study/experiments/generated_problems/rover-timed-n3-mem-low-corr-low-seed-3.json,/mnt/c/Users/Endri/Desktop/planetary-rover-experimental-study/experiments/raw_outputs/rover-timed-n3-mem-low-corr-low-seed-3.txt,
rover-timed-n3-mem-low-corr-low-seed-4,timed,4,3,low,0.35,4,9,2.25,2.0,low,3,0,True,"[3, 4, 2]","[5, 5, 3]","[4.0, 3.0, 4.0]","[9.0, 8.0, 10.0]",solved,True,ENHSP default,60.0,0.509748,0,68,35.0,35.0,24.0,11.0,18,12,3,3,15,35.0,/mnt/c/Users/Endri/Desktop/planetary-rover-experimental-study/experiments/generated_problems/rover-timed-n3-mem-low-corr-low-seed-4.pddl,/mnt/c/Users/Endri/Desktop/planetary-rover-experimental-study/experiments/generated_problems/rover-timed-n3-mem-low-corr-low-seed-4.json,/mnt/c/Users/Endri/Desktop/planetary-rover-experimental-study/experiments/raw_outputs/rover-timed-n3-mem-low-corr-low-seed-4.txt,
rover-timed-n3-mem-low-corr-medium-seed-0,timed,0,3,low,0.35,5,12,2.4,2.0,medium,3,0,True,"[5, 5, 2]","[4, 5, 5]","[2.0, 1.0, 1.0]","[6.0, 6.0, 7.0]",solved,True,ENHSP default,60.0,0.505001,0,61,28.0,28.0,24.0,4.0,18,12,3,3,14,28.0,/mnt/c/Users/Endri/Desktop/planetary-rover-experimental-study/experiments/generated_problems/rover-timed-n3-mem-low-corr-medium-seed-0.pddl,/mnt/c/Users/Endri/Desktop/planetary-rover-experimental-study/experiments/generated_problems/rover-timed-n3-mem-low-corr-medium-seed-0.json,/mnt/c/Users/Endri/Desktop/planetary-rover-experimental-study/experiments/raw_outputs/rover-timed-n3-mem-low-corr-medium-seed-0.txt,
rover-timed-n3-mem-low-corr-medium-seed-1,timed,1,3,low,0.35,6,11,1.833333,2.0,medium,3,0,True,"[3, 6, 2]","[4, 2, 5]","[3.0, 1.0, 1.0]","[7.0, 5.0, 7.0]",solved,True,ENHSP default,60.0,0.520457,0,61,28.0,28.0,24.0,4.0,18,12,3,3,13,28.0,/mnt/c/Users/Endri/Desktop/planetary-rover-experimental-study/experiments/generated_problems/rover-timed-n3-mem-low-corr-medium-seed-1.pddl,/mnt/c/Users/Endri/Desktop/planetary-rover-experimental-study/experiments/generated_problems/rover-timed-n3-mem-low-corr-medium-seed-1.json,/mnt/c/Users/Endri/Desktop/planetary-rover-experimental-study/experiments/raw_outputs/rover-timed-n3-mem-low-corr-medium-seed-1.txt,
rover-timed-n3-mem-low-corr-medium-seed-2,timed,2,3,low,0.35,3,6,2.0,2.0,medium,1,2,False,"[2, 2, 2]","[4, 3, 4]","[2.0, -1.0, -1.0]","[6.0, 3.0, 5.0]",unsolvable,False,ENHSP default,60.0,0.499219,0,,,,0.0,,0,0,0,0,0,0,/mnt/c/Users/Endri/Desktop/planetary-rover-experimental-study/experiments/generated_problems/rover-timed-n3-mem-low-corr-medium-seed-2.pddl,/mnt/c/Users/Endri/Desktop/planetary-rover-experimental-study/experiments/generated_problems/rover-timed-n3-mem-low-corr-medium-seed-2.json,/mnt/c/Users/Endri/Desktop/planetary-rover-experimental-study/experiments/raw_outputs/rover-timed-n3-mem-low-corr-medium-seed-2.txt,
rover-timed-n3-mem-low-corr-medium-seed-3,timed,3,3,low,0.35,6,15,2.5,2.0,medium,3,0,True,"[3, 6, 6]","[3, 4, 5]","[2.0, 1.0, 3.0]","[5.0, 5.0, 9.0]",solved,True,ENHSP default,60.0,0.493003,0,61,28.0,28.0,24.0,4.0,18,12,3,3,14,28.0,/mnt/c/Users/Endri/Desktop/planetary-rover-experimental-study/experiments/generated_problems/rover-timed-n3-mem-low-corr-medium-seed-3.pddl,/mnt/c/Users/Endri/Desktop/planetary-rover-experimental-study/experiments/generated_problems/rover-timed-n3-mem-low-corr-medium-seed-3.json,/mnt/c/Users/Endri/Desktop/planetary-rover-experimental-study/experiments/raw_outputs/rover-timed-n3-mem-low-corr-medium-seed-3.txt,
rover-timed-n3-mem-low-corr-medium-seed-4,timed,4,3,low,0.35,4,9,2.25,2.0,medium,3,0,True,"[3, 4, 2]","[5, 5, 3]","[2.0, 1.0, 2.0]","[7.0, 6.0, 8.0]",solved,True,ENHSP default,60.0,0.496564,0,63,30.0,30.0,24.0,6.0,18,12,3,3,15,30.0,/mnt/c/Users/Endri/Desktop/planetary-rover-experimental-study/experiments/generated_problems/rover-timed-n3-mem-low-corr-medium-seed-4.pddl,/mnt/c/Users/Endri/Desktop/planetary-rover-experimental-study/experiments/generated_problems/rover-timed-n3-mem-low-corr-medium-seed-4.json,/mnt/c/Users/Endri/Desktop/planetary-rover-experimental-study/experiments/raw_outputs/rover-timed-n3-mem-low-corr-medium-seed-4.txt,
rover-timed-n3-mem-low-corr-high-seed-0,timed,0,3,low,0.35,5,12,2.4,2.0,high,1,2,False,"[5, 5, 2]","[4, 5, 5]","[1.0, -1.0, -1.0]","[5.0, 4.0, 5.0]",unsolvable,False,ENHSP default,60.0,0.499631,0,,,,0.0,,0,0,0,0,0,0,/mnt/c/Users/Endri/Desktop/planetary-rover-experimental-study/experiments/generated_problems/rover-timed-n3-mem-low-corr-high-seed-0.pddl,/mnt/c/Users/Endri/Desktop/planetary-rover-experimental-study/experiments/generated_problems/rover-timed-n3-mem-low-corr-high-seed-0.json,/mnt/c/Users/Endri/Desktop/planetary-rover-experimental-study/experiments/raw_outputs/rover-timed-n3-mem-low-corr-high-seed-0.txt,
rover-timed-n3-mem-low-corr-high-seed-1,timed,1,3,low,0.35,6,11,1.833333,2.0,high,1,2,False,"[3, 6, 2]","[4, 2, 5]","[2.0, -1.0, -1.0]","[6.0, 3.0, 5.0]",unsolvable,False,ENHSP default,60.0,0.497891,0,,,,0.0,,0,0,0,0,0,0,/mnt/c/Users/Endri/Desktop/planetary-rover-experimental-study/experiments/generated_problems/rover-timed-n3-mem-low-corr-high-seed-1.pddl,/mnt/c/Users/Endri/Desktop/planetary-rover-experimental-study/experiments/generated_problems/rover-timed-n3-mem-low-corr-high-seed-1.json,/mnt/c/Users/Endri/Desktop/planetary-rover-experimental-study/experiments/raw_outputs/rover-timed-n3-mem-low-corr-high-seed-1.txt,
rover-timed-n3-mem-low-corr-high-seed-2,timed,2,3,low,0.35,3,6,2.0,2.0,high,1,2,False,"[2, 2, 2]","[4, 3, 4]","[1.0, -2.0, -2.0]","[5.0, 2.0, 4.0]",unsolvable,False,ENHSP default,60.0,0.470655,0,,,,0.0,,0,0,0,0,0,0,/mnt/c/Users/Endri/Desktop/planetary-rover-experimental-study/experiments/generated_problems/rover-timed-n3-mem-low-corr-high-seed-2.pddl,/mnt/c/Users/Endri/Desktop/planetary-rover-experimental-study/experiments/generated_problems/rover-timed-n3-mem-low-corr-high-seed-2.json,/mnt/c/Users/Endri/Desktop/planetary-rover-experimental-study/experiments/raw_outputs/rover-timed-n3-mem-low-corr-high-seed-2.txt,
rover-timed-n3-mem-low-corr-high-seed-3,timed,3,3,low,0.35,6,15,2.5,2.0,high,2,1,False,"[3, 6, 6]","[3, 4, 5]","[1.0, -1.0, 2.0]","[4.0, 3.0, 8.0]",unsolvable,False,ENHSP default,60.0,0.514872,0,,,,0.0,,0,0,0,0,0,0,/mnt/c/Users/Endri/Desktop/planetary-rover-experimental-study/experiments/generated_problems/rover-timed-n3-mem-low-corr-high-seed-3.pddl,/mnt/c/Users/Endri/Desktop/planetary-rover-experimental-study/experiments/generated_problems/rover-timed-n3-mem-low-corr-high-seed-3.json,/mnt/c/Users/Endri/Desktop/planetary-rover-experimental-study/experiments/raw_outputs/rover-timed-n3-mem-low-corr-high-seed-3.txt,
rover-timed-n3-mem-low-corr-high-seed-4,timed,4,3,low,0.35,4,9,2.25,2.0,high,2,1,False,"[3, 4, 2]","[5, 5, 3]","[1.0, -1.0, 1.0]","[6.0, 4.0, 7.0]",unsolvable,False,ENHSP default,60.0,0.487009,0,,,,0.0,,0,0,0,0,0,0,/mnt/c/Users/Endri/Desktop/planetary-rover-experimental-study/experiments/generated_problems/rover-timed-n3-mem-low-corr-high-seed-4.pddl,/mnt/c/Users/Endri/Desktop/planetary-rover-experimental-study/experiments/generated_problems/rover-timed-n3-mem-low-corr-high-seed-4.json,/mnt/c/Users/Endri/Desktop/planetary-rover-experimental-study/experiments/raw_outputs/rover-timed-n3-mem-low-corr-high-seed-4.txt,
rover-timed-n3-mem-medium-corr-low-seed-0,timed,0,3,medium,0.6,8,12,1.5,2.0,low,3,0,True,"[5, 5, 2]","[4, 5, 5]","[4.0, 3.0, 3.0]","[8.0, 8.0, 9.0]",solved,True,ENHSP default,60.0,0.542665,0,66,33.0,33.0,24.0,9.0,18,12,3,3,15,33.0,/mnt/c/Users/Endri/Desktop/planetary-rover-experimental-study/experiments/generated_problems/rover-timed-n3-mem-medium-corr-low-seed-0.pddl,/mnt/c/Users/Endri/Desktop/planetary-rover-experimental-study/experiments/generated_problems/rover-timed-n3-mem-medium-corr-low-seed-0.json,/mnt/c/Users/Endri/Desktop/planetary-rover-experimental-study/experiments/raw_outputs/rover-timed-n3-mem-medium-corr-low-seed-0.txt,
rover-timed-n3-mem-medium-corr-low-seed-1,timed,1,3,medium,0.6,7,11,1.571429,2.0,low,3,0,True,"[3, 6, 2]","[4, 2, 5]","[5.0, 3.0, 3.0]","[9.0, 7.0, 9.0]",solved,True,ENHSP default,60.0,0.511643,0,66,33.0,33.0,24.0,9.0,18,12,3,3,15,33.0,/mnt/c/Users/Endri/Desktop/planetary-rover-experimental-study/experiments/generated_problems/rover-timed-n3-mem-medium-corr-low-seed-1.pddl,/mnt/c/Users/Endri/Desktop/planetary-rover-experimental-study/experiments/generated_problems/rover-timed-n3-mem-medium-corr-low-seed-1.json,/mnt/c/Users/Endri/Desktop/planetary-rover-experimental-study/experiments/raw_outputs/rover-timed-n3-mem-medium-corr-low-seed-1.txt,
rover-timed-n3-mem-medium-corr-low-seed-2,timed,2,3,medium,0.6,4,6,1.5,2.0,low,3,0,True,"[2, 2, 2]","[4, 3, 4]","[4.0, 2.0, 2.0]","[8.0, 6.0, 8.0]",solved,True,ENHSP default,60.0,0.487411,0,51,22.0,22.0,20.0,2.0,16,10,3,3,12,22.0,/mnt/c/Users/Endri/Desktop/planetary-rover-experimental-study/experiments/generated_problems/rover-timed-n3-mem-medium-corr-low-seed-2.pddl,/mnt/c/Users/Endri/Desktop/planetary-rover-experimental-study/experiments/generated_problems/rover-timed-n3-mem-medium-corr-low-seed-2.json,/mnt/c/Users/Endri/Desktop/planetary-rover-experimental-study/experiments/raw_outputs/rover-timed-n3-mem-medium-corr-low-seed-2.txt,
rover-timed-n3-mem-medium-corr-low-seed-3,timed,3,3,medium,0.6,9,15,1.666667,2.0,low,3,0,True,"[3, 6, 6]","[3, 4, 5]","[4.0, 3.0, 5.0]","[7.0, 7.0, 11.0]",solved,True,ENHSP default,60.0,0.480044,0,53,24.0,24.0,20.0,4.0,16,10,3,3,11,24.0,/mnt/c/Users/Endri/Desktop/planetary-rover-experimental-study/experiments/generated_problems/rover-timed-n3-mem-medium-corr-low-seed-3.pddl,/mnt/c/Users/Endri/Desktop/planetary-rover-experimental-study/experiments/generated_problems/rover-timed-n3-mem-medium-corr-low-seed-3.json,/mnt/c/Users/Endri/Desktop/planetary-rover-experimental-study/experiments/raw_outputs/rover-timed-n3-mem-medium-corr-low-seed-3.txt,
rover-timed-n3-mem-medium-corr-low-seed-4,timed,4,3,medium,0.6,6,9,1.5,2.0,low,3,0,True,"[3, 4, 2]","[5, 5, 3]","[4.0, 3.0, 4.0]","[9.0, 8.0, 10.0]",solved,True,ENHSP default,60.0,0.495564,0,69,36.0,36.0,24.0,12.0,18,12,3,3,15,36.0,/mnt/c/Users/Endri/Desktop/planetary-rover-experimental-study/experiments/generated_problems/rover-timed-n3-mem-medium-corr-low-seed-4.pddl,/mnt/c/Users/Endri/Desktop/planetary-rover-experimental-study/experiments/generated_problems/rover-timed-n3-mem-medium-corr-low-seed-4.json,/mnt/c/Users/Endri/Desktop/planetary-rover-experimental-study/experiments/raw_outputs/rover-timed-n3-mem-medium-corr-low-seed-4.txt,
rover-timed-n3-mem-medium-corr-medium-seed-0,timed,0,3,medium,0.6,8,12,1.5,2.0,medium,3,0,True,"[5, 5, 2]","[4, 5, 5]","[2.0, 1.0, 1.0]","[6.0, 6.0, 7.0]",solved,True,ENHSP default,60.0,0.484434,0,61,28.0,28.0,24.0,4.0,18,12,3,3,14,28.0,/mnt/c/Users/Endri/Desktop/planetary-rover-experimental-study/experiments/generated_problems/rover-timed-n3-mem-medium-corr-medium-seed-0.pddl,/mnt/c/Users/Endri/Desktop/planetary-rover-experimental-study/experiments/generated_problems/rover-timed-n3-mem-medium-corr-medium-seed-0.json,/mnt/c/Users/Endri/Desktop/planetary-rover-experimental-study/experiments/raw_outputs/rover-timed-n3-mem-medium-corr-medium-seed-0.txt,
rover-timed-n3-mem-medium-corr-medium-seed-1,timed,1,3,medium,0.6,7,11,1.571429,2.0,medium,3,0,True,"[3, 6, 2]","[4, 2, 5]","[3.0, 1.0, 1.0]","[7.0, 5.0, 7.0]",solved,True,ENHSP default,60.0,0.473224,0,61,28.0,28.0,24.0,4.0,18,12,3,3,13,28.0,/mnt/c/Users/Endri/Desktop/planetary-rover-experimental-study/experiments/generated_problems/rover-timed-n3-mem-medium-corr-medium-seed-1.pddl,/mnt/c/Users/Endri/Desktop/planetary-rover-experimental-study/experiments/generated_problems/rover-timed-n3-mem-medium-corr-medium-seed-1.json,/mnt/c/Users/Endri/Desktop/planetary-rover-experimental-study/experiments/raw_outputs/rover-timed-n3-mem-medium-corr-medium-seed-1.txt,
rover-timed-n3-mem-medium-corr-medium-seed-2,timed,2,3,medium,0.6,4,6,1.5,2.0,medium,1,2,False,"[2, 2, 2]","[4, 3, 4]","[2.0, -1.0, -1.0]","[6.0, 3.0, 5.0]",unsolvable,False,ENHSP default,60.0,0.496545,0,,,,0.0,,0,0,0,0,0,0,/mnt/c/Users/Endri/Desktop/planetary-rover-experimental-study/experiments/generated_problems/rover-timed-n3-mem-medium-corr-medium-seed-2.pddl,/mnt/c/Users/Endri/Desktop/planetary-rover-experimental-study/experiments/generated_problems/rover-timed-n3-mem-medium-corr-medium-seed-2.json,/mnt/c/Users/Endri/Desktop/planetary-rover-experimental-study/experiments/raw_outputs/rover-timed-n3-mem-medium-corr-medium-seed-2.txt,
rover-timed-n3-mem-medium-corr-medium-seed-3,timed,3,3,medium,0.6,9,15,1.666667,2.0,medium,3,0,True,"[3, 6, 6]","[3, 4, 5]","[2.0, 1.0, 3.0]","[5.0, 5.0, 9.0]",solved,True,ENHSP default,60.0,0.469129,0,52,23.0,23.0,20.0,3.0,16,10,3,3,12,23.0,/mnt/c/Users/Endri/Desktop/planetary-rover-experimental-study/experiments/generated_problems/rover-timed-n3-mem-medium-corr-medium-seed-3.pddl,/mnt/c/Users/Endri/Desktop/planetary-rover-experimental-study/experiments/generated_problems/rover-timed-n3-mem-medium-corr-medium-seed-3.json,/mnt/c/Users/Endri/Desktop/planetary-rover-experimental-study/experiments/raw_outputs/rover-timed-n3-mem-medium-corr-medium-seed-3.txt,
rover-timed-n3-mem-medium-corr-medium-seed-4,timed,4,3,medium,0.6,6,9,1.5,2.0,medium,3,0,True,"[3, 4, 2]","[5, 5, 3]","[2.0, 1.0, 2.0]","[7.0, 6.0, 8.0]",solved,True,ENHSP default,60.0,0.486065,0,63,30.0,30.0,24.0,6.0,18,12,3,3,15,30.0,/mnt/c/Users/Endri/Desktop/planetary-rover-experimental-study/experiments/generated_problems/rover-timed-n3-mem-medium-corr-medium-seed-4.pddl,/mnt/c/Users/Endri/Desktop/planetary-rover-experimental-study/experiments/generated_problems/rover-timed-n3-mem-medium-corr-medium-seed-4.json,/mnt/c/Users/Endri/Desktop/planetary-rover-experimental-study/experiments/raw_outputs/rover-timed-n3-mem-medium-corr-medium-seed-4.txt,
rover-timed-n3-mem-medium-corr-high-seed-0,timed,0,3,medium,0.6,8,12,1.5,2.0,high,1,2,False,"[5, 5, 2]","[4, 5, 5]","[1.0, -1.0, -1.0]","[5.0, 4.0, 5.0]",unsolvable,False,ENHSP default,60.0,0.463719,0,,,,0.0,,0,0,0,0,0,0,/mnt/c/Users/Endri/Desktop/planetary-rover-experimental-study/experiments/generated_problems/rover-timed-n3-mem-medium-corr-high-seed-0.pddl,/mnt/c/Users/Endri/Desktop/planetary-rover-experimental-study/experiments/generated_problems/rover-timed-n3-mem-medium-corr-high-seed-0.json,/mnt/c/Users/Endri/Desktop/planetary-rover-experimental-study/experiments/raw_outputs/rover-timed-n3-mem-medium-corr-high-seed-0.txt,
rover-timed-n3-mem-medium-corr-high-seed-1,timed,1,3,medium,0.6,7,11,1.571429,2.0,high,1,2,False,"[3, 6, 2]","[4, 2, 5]","[2.0, -1.0, -1.0]","[6.0, 3.0, 5.0]",unsolvable,False,ENHSP default,60.0,0.482485,0,,,,0.0,,0,0,0,0,0,0,/mnt/c/Users/Endri/Desktop/planetary-rover-experimental-study/experiments/generated_problems/rover-timed-n3-mem-medium-corr-high-seed-1.pddl,/mnt/c/Users/Endri/Desktop/planetary-rover-experimental-study/experiments/generated_problems/rover-timed-n3-mem-medium-corr-high-seed-1.json,/mnt/c/Users/Endri/Desktop/planetary-rover-experimental-study/experiments/raw_outputs/rover-timed-n3-mem-medium-corr-high-seed-1.txt,
rover-timed-n3-mem-medium-corr-high-seed-2,timed,2,3,medium,0.6,4,6,1.5,2.0,high,1,2,False,"[2, 2, 2]","[4, 3, 4]","[1.0, -2.0, -2.0]","[5.0, 2.0, 4.0]",unsolvable,False,ENHSP default,60.0,0.44482,0,,,,0.0,,0,0,0,0,0,0,/mnt/c/Users/Endri/Desktop/planetary-rover-experimental-study/experiments/generated_problems/rover-timed-n3-mem-medium-corr-high-seed-2.pddl,/mnt/c/Users/Endri/Desktop/planetary-rover-experimental-study/experiments/generated_problems/rover-timed-n3-mem-medium-corr-high-seed-2.json,/mnt/c/Users/Endri/Desktop/planetary-rover-experimental-study/experiments/raw_outputs/rover-timed-n3-mem-medium-corr-high-seed-2.txt,
rover-timed-n3-mem-medium-corr-high-seed-3,timed,3,3,medium,0.6,9,15,1.666667,2.0,high,2,1,False,"[3, 6, 6]","[3, 4, 5]","[1.0, -1.0, 2.0]","[4.0, 3.0, 8.0]",unsolvable,False,ENHSP default,60.0,0.486095,0,,,,0.0,,0,0,0,0,0,0,/mnt/c/Users/Endri/Desktop/planetary-rover-experimental-study/experiments/generated_problems/rover-timed-n3-mem-medium-corr-high-seed-3.pddl,/mnt/c/Users/Endri/Desktop/planetary-rover-experimental-study/experiments/generated_problems/rover-timed-n3-mem-medium-corr-high-seed-3.json,/mnt/c/Users/Endri/Desktop/planetary-rover-experimental-study/experiments/raw_outputs/rover-timed-n3-mem-medium-corr-high-seed-3.txt,
rover-timed-n3-mem-medium-corr-high-seed-4,timed,4,3,medium,0.6,6,9,1.5,2.0,high,2,1,False,"[3, 4, 2]","[5, 5, 3]","[1.0, -1.0, 1.0]","[6.0, 4.0, 7.0]",unsolvable,False,ENHSP default,60.0,0.504268,0,,,,0.0,,0,0,0,0,0,0,/mnt/c/Users/Endri/Desktop/planetary-rover-experimental-study/experiments/generated_problems/rover-timed-n3-mem-medium-corr-high-seed-4.pddl,/mnt/c/Users/Endri/Desktop/planetary-rover-experimental-study/experiments/generated_problems/rover-timed-n3-mem-medium-corr-high-seed-4.json,/mnt/c/Users/Endri/Desktop/planetary-rover-experimental-study/experiments/raw_outputs/rover-timed-n3-mem-medium-corr-high-seed-4.txt,
rover-timed-n3-mem-high-corr-low-seed-0,timed,0,3,high,1.0,12,12,1.0,2.0,low,3,0,True,"[5, 5, 2]","[4, 5, 5]","[4.0, 3.0, 3.0]","[8.0, 8.0, 9.0]",solved,True,ENHSP default,60.0,0.482393,0,53,24.0,24.0,20.0,4.0,16,10,3,3,13,24.0,/mnt/c/Users/Endri/Desktop/planetary-rover-experimental-study/experiments/generated_problems/rover-timed-n3-mem-high-corr-low-seed-0.pddl,/mnt/c/Users/Endri/Desktop/planetary-rover-experimental-study/experiments/generated_problems/rover-timed-n3-mem-high-corr-low-seed-0.json,/mnt/c/Users/Endri/Desktop/planetary-rover-experimental-study/experiments/raw_outputs/rover-timed-n3-mem-high-corr-low-seed-0.txt,
rover-timed-n3-mem-high-corr-low-seed-1,timed,1,3,high,1.0,11,11,1.0,2.0,low,3,0,True,"[3, 6, 2]","[4, 2, 5]","[5.0, 3.0, 3.0]","[9.0, 7.0, 9.0]",solved,True,ENHSP default,60.0,0.48718,0,53,24.0,24.0,20.0,4.0,16,10,3,3,12,24.0,/mnt/c/Users/Endri/Desktop/planetary-rover-experimental-study/experiments/generated_problems/rover-timed-n3-mem-high-corr-low-seed-1.pddl,/mnt/c/Users/Endri/Desktop/planetary-rover-experimental-study/experiments/generated_problems/rover-timed-n3-mem-high-corr-low-seed-1.json,/mnt/c/Users/Endri/Desktop/planetary-rover-experimental-study/experiments/raw_outputs/rover-timed-n3-mem-high-corr-low-seed-1.txt,
rover-timed-n3-mem-high-corr-low-seed-2,timed,2,3,high,1.0,6,6,1.0,2.0,low,3,0,True,"[2, 2, 2]","[4, 3, 4]","[4.0, 2.0, 2.0]","[8.0, 6.0, 8.0]",solved,True,ENHSP default,60.0,0.482683,0,51,22.0,22.0,20.0,2.0,16,10,3,3,12,22.0,/mnt/c/Users/Endri/Desktop/planetary-rover-experimental-study/experiments/generated_problems/rover-timed-n3-mem-high-corr-low-seed-2.pddl,/mnt/c/Users/Endri/Desktop/planetary-rover-experimental-study/experiments/generated_problems/rover-timed-n3-mem-high-corr-low-seed-2.json,/mnt/c/Users/Endri/Desktop/planetary-rover-experimental-study/experiments/raw_outputs/rover-timed-n3-mem-high-corr-low-seed-2.txt,
rover-timed-n3-mem-high-corr-low-seed-3,timed,3,3,high,1.0,15,15,1.0,2.0,low,3,0,True,"[3, 6, 6]","[3, 4, 5]","[4.0, 3.0, 5.0]","[7.0, 7.0, 11.0]",solved,True,ENHSP default,60.0,0.468305,0,53,24.0,24.0,20.0,4.0,16,10,3,3,11,24.0,/mnt/c/Users/Endri/Desktop/planetary-rover-experimental-study/experiments/generated_problems/rover-timed-n3-mem-high-corr-low-seed-3.pddl,/mnt/c/Users/Endri/Desktop/planetary-rover-experimental-study/experiments/generated_problems/rover-timed-n3-mem-high-corr-low-seed-3.json,/mnt/c/Users/Endri/Desktop/planetary-rover-experimental-study/experiments/raw_outputs/rover-timed-n3-mem-high-corr-low-seed-3.txt,
rover-timed-n3-mem-high-corr-low-seed-4,timed,4,3,high,1.0,9,9,1.0,2.0,low,3,0,True,"[3, 4, 2]","[5, 5, 3]","[4.0, 3.0, 4.0]","[9.0, 8.0, 10.0]",solved,True,ENHSP default,60.0,0.498031,0,55,26.0,26.0,20.0,6.0,16,10,3,3,13,26.0,/mnt/c/Users/Endri/Desktop/planetary-rover-experimental-study/experiments/generated_problems/rover-timed-n3-mem-high-corr-low-seed-4.pddl,/mnt/c/Users/Endri/Desktop/planetary-rover-experimental-study/experiments/generated_problems/rover-timed-n3-mem-high-corr-low-seed-4.json,/mnt/c/Users/Endri/Desktop/planetary-rover-experimental-study/experiments/raw_outputs/rover-timed-n3-mem-high-corr-low-seed-4.txt,
rover-timed-n3-mem-high-corr-medium-seed-0,timed,0,3,high,1.0,12,12,1.0,2.0,medium,3,0,True,"[5, 5, 2]","[4, 5, 5]","[2.0, 1.0, 1.0]","[6.0, 6.0, 7.0]",solved,True,ENHSP default,60.0,0.473882,0,52,23.0,23.0,20.0,3.0,16,10,3,3,12,23.0,/mnt/c/Users/Endri/Desktop/planetary-rover-experimental-study/experiments/generated_problems/rover-timed-n3-mem-high-corr-medium-seed-0.pddl,/mnt/c/Users/Endri/Desktop/planetary-rover-experimental-study/experiments/generated_problems/rover-timed-n3-mem-high-corr-medium-seed-0.json,/mnt/c/Users/Endri/Desktop/planetary-rover-experimental-study/experiments/raw_outputs/rover-timed-n3-mem-high-corr-medium-seed-0.txt,
rover-timed-n3-mem-high-corr-medium-seed-1,timed,1,3,high,1.0,11,11,1.0,2.0,medium,3,0,True,"[3, 6, 2]","[4, 2, 5]","[3.0, 1.0, 1.0]","[7.0, 5.0, 7.0]",solved,True,ENHSP default,60.0,0.470668,0,49,20.0,20.0,20.0,0.0,16,10,3,3,10,20.0,/mnt/c/Users/Endri/Desktop/planetary-rover-experimental-study/experiments/generated_problems/rover-timed-n3-mem-high-corr-medium-seed-1.pddl,/mnt/c/Users/Endri/Desktop/planetary-rover-experimental-study/experiments/generated_problems/rover-timed-n3-mem-high-corr-medium-seed-1.json,/mnt/c/Users/Endri/Desktop/planetary-rover-experimental-study/experiments/raw_outputs/rover-timed-n3-mem-high-corr-medium-seed-1.txt,
rover-timed-n3-mem-high-corr-medium-seed-2,timed,2,3,high,1.0,6,6,1.0,2.0,medium,1,2,False,"[2, 2, 2]","[4, 3, 4]","[2.0, -1.0, -1.0]","[6.0, 3.0, 5.0]",unsolvable,False,ENHSP default,60.0,0.491876,0,,,,0.0,,0,0,0,0,0,0,/mnt/c/Users/Endri/Desktop/planetary-rover-experimental-study/experiments/generated_problems/rover-timed-n3-mem-high-corr-medium-seed-2.pddl,/mnt/c/Users/Endri/Desktop/planetary-rover-experimental-study/experiments/generated_problems/rover-timed-n3-mem-high-corr-medium-seed-2.json,/mnt/c/Users/Endri/Desktop/planetary-rover-experimental-study/experiments/raw_outputs/rover-timed-n3-mem-high-corr-medium-seed-2.txt,
rover-timed-n3-mem-high-corr-medium-seed-3,timed,3,3,high,1.0,15,15,1.0,2.0,medium,3,0,True,"[3, 6, 6]","[3, 4, 5]","[2.0, 1.0, 3.0]","[5.0, 5.0, 9.0]",solved,True,ENHSP default,60.0,0.484289,0,52,23.0,23.0,20.0,3.0,16,10,3,3,12,23.0,/mnt/c/Users/Endri/Desktop/planetary-rover-experimental-study/experiments/generated_problems/rover-timed-n3-mem-high-corr-medium-seed-3.pddl,/mnt/c/Users/Endri/Desktop/planetary-rover-experimental-study/experiments/generated_problems/rover-timed-n3-mem-high-corr-medium-seed-3.json,/mnt/c/Users/Endri/Desktop/planetary-rover-experimental-study/experiments/raw_outputs/rover-timed-n3-mem-high-corr-medium-seed-3.txt,
rover-timed-n3-mem-high-corr-medium-seed-4,timed,4,3,high,1.0,9,9,1.0,2.0,medium,3,0,True,"[3, 4, 2]","[5, 5, 3]","[2.0, 1.0, 2.0]","[7.0, 6.0, 8.0]",solved,True,ENHSP default,60.0,0.47062,0,51,22.0,22.0,20.0,2.0,16,10,3,3,12,22.0,/mnt/c/Users/Endri/Desktop/planetary-rover-experimental-study/experiments/generated_problems/rover-timed-n3-mem-high-corr-medium-seed-4.pddl,/mnt/c/Users/Endri/Desktop/planetary-rover-experimental-study/experiments/generated_problems/rover-timed-n3-mem-high-corr-medium-seed-4.json,/mnt/c/Users/Endri/Desktop/planetary-rover-experimental-study/experiments/raw_outputs/rover-timed-n3-mem-high-corr-medium-seed-4.txt,
rover-timed-n3-mem-high-corr-high-seed-0,timed,0,3,high,1.0,12,12,1.0,2.0,high,1,2,False,"[5, 5, 2]","[4, 5, 5]","[1.0, -1.0, -1.0]","[5.0, 4.0, 5.0]",unsolvable,False,ENHSP default,60.0,0.490251,0,,,,0.0,,0,0,0,0,0,0,/mnt/c/Users/Endri/Desktop/planetary-rover-experimental-study/experiments/generated_problems/rover-timed-n3-mem-high-corr-high-seed-0.pddl,/mnt/c/Users/Endri/Desktop/planetary-rover-experimental-study/experiments/generated_problems/rover-timed-n3-mem-high-corr-high-seed-0.json,/mnt/c/Users/Endri/Desktop/planetary-rover-experimental-study/experiments/raw_outputs/rover-timed-n3-mem-high-corr-high-seed-0.txt,
rover-timed-n3-mem-high-corr-high-seed-1,timed,1,3,high,1.0,11,11,1.0,2.0,high,1,2,False,"[3, 6, 2]","[4, 2, 5]","[2.0, -1.0, -1.0]","[6.0, 3.0, 5.0]",unsolvable,False,ENHSP default,60.0,0.481614,0,,,,0.0,,0,0,0,0,0,0,/mnt/c/Users/Endri/Desktop/planetary-rover-experimental-study/experiments/generated_problems/rover-timed-n3-mem-high-corr-high-seed-1.pddl,/mnt/c/Users/Endri/Desktop/planetary-rover-experimental-study/experiments/generated_problems/rover-timed-n3-mem-high-corr-high-seed-1.json,/mnt/c/Users/Endri/Desktop/planetary-rover-experimental-study/experiments/raw_outputs/rover-timed-n3-mem-high-corr-high-seed-1.txt,
rover-timed-n3-mem-high-corr-high-seed-2,timed,2,3,high,1.0,6,6,1.0,2.0,high,1,2,False,"[2, 2, 2]","[4, 3, 4]","[1.0, -2.0, -2.0]","[5.0, 2.0, 4.0]",unsolvable,False,ENHSP default,60.0,0.465269,0,,,,0.0,,0,0,0,0,0,0,/mnt/c/Users/Endri/Desktop/planetary-rover-experimental-study/experiments/generated_problems/rover-timed-n3-mem-high-corr-high-seed-2.pddl,/mnt/c/Users/Endri/Desktop/planetary-rover-experimental-study/experiments/generated_problems/rover-timed-n3-mem-high-corr-high-seed-2.json,/mnt/c/Users/Endri/Desktop/planetary-rover-experimental-study/experiments/raw_outputs/rover-timed-n3-mem-high-corr-high-seed-2.txt,
rover-timed-n3-mem-high-corr-high-seed-3,timed,3,3,high,1.0,15,15,1.0,2.0,high,2,1,False,"[3, 6, 6]","[3, 4, 5]","[1.0, -1.0, 2.0]","[4.0, 3.0, 8.0]",unsolvable,False,ENHSP default,60.0,0.494854,0,,,,0.0,,0,0,0,0,0,0,/mnt/c/Users/Endri/Desktop/planetary-rover-experimental-study/experiments/generated_problems/rover-timed-n3-mem-high-corr-high-seed-3.pddl,/mnt/c/Users/Endri/Desktop/planetary-rover-experimental-study/experiments/generated_problems/rover-timed-n3-mem-high-corr-high-seed-3.json,/mnt/c/Users/Endri/Desktop/planetary-rover-experimental-study/experiments/raw_outputs/rover-timed-n3-mem-high-corr-high-seed-3.txt,
rover-timed-n3-mem-high-corr-high-seed-4,timed,4,3,high,1.0,9,9,1.0,2.0,high,2,1,False,"[3, 4, 2]","[5, 5, 3]","[1.0, -1.0, 1.0]","[6.0, 4.0, 7.0]",unsolvable,False,ENHSP default,60.0,0.513524,0,,,,0.0,,0,0,0,0,0,0,/mnt/c/Users/Endri/Desktop/planetary-rover-experimental-study/experiments/generated_problems/rover-timed-n3-mem-high-corr-high-seed-4.pddl,/mnt/c/Users/Endri/Desktop/planetary-rover-experimental-study/experiments/generated_problems/rover-timed-n3-mem-high-corr-high-seed-4.json,/mnt/c/Users/Endri/Desktop/planetary-rover-experimental-study/experiments/raw_outputs/rover-timed-n3-mem-high-corr-high-seed-4.txt,
rover-timed-n5-mem-low-corr-low-seed-0,timed,0,5,low,0.35,8,22,2.75,2.0,low,5,0,True,"[5, 5, 2, 4, 6]","[5, 5, 4, 5, 4]","[4.0, 3.0, 3.0, 5.0, 3.0]","[9.0, 8.0, 9.0, 13.0, 13.0]",solved,True,ENHSP default,60.0,0.636188,0,132,65.0,65.0,52.0,13.0,36,26,5,5,30,65.0,/mnt/c/Users/Endri/Desktop/planetary-rover-experimental-study/experiments/generated_problems/rover-timed-n5-mem-low-corr-low-seed-0.pddl,/mnt/c/Users/Endri/Desktop/planetary-rover-experimental-study/experiments/generated_problems/rover-timed-n5-mem-low-corr-low-seed-0.json,/mnt/c/Users/Endri/Desktop/planetary-rover-experimental-study/experiments/raw_outputs/rover-timed-n5-mem-low-corr-low-seed-0.txt,
rover-timed-n5-mem-low-corr-low-seed-1,timed,1,5,low,0.35,6,17,2.833333,2.0,low,5,0,True,"[3, 6, 2, 4, 2]","[5, 5, 5, 5, 3]","[5.0, 3.0, 3.0, 4.0, 3.0]","[10.0, 8.0, 9.0, 12.0, 13.0]",solved,True,ENHSP default,60.0,0.647183,0,138,67.0,67.0,56.0,11.0,38,28,5,5,33,67.0,/mnt/c/Users/Endri/Desktop/planetary-rover-experimental-study/experiments/generated_problems/rover-timed-n5-mem-low-corr-low-seed-1.pddl,/mnt/c/Users/Endri/Desktop/planetary-rover-experimental-study/experiments/generated_problems/rover-timed-n5-mem-low-corr-low-seed-1.json,/mnt/c/Users/Endri/Desktop/planetary-rover-experimental-study/experiments/raw_outputs/rover-timed-n5-mem-low-corr-low-seed-1.txt,
rover-timed-n5-mem-low-corr-low-seed-2,timed,2,5,low,0.35,5,13,2.6,2.0,low,5,0,True,"[2, 2, 2, 4, 3]","[4, 4, 3, 2, 3]","[4.0, 2.0, 2.0, 5.0, 4.0]","[8.0, 6.0, 8.0, 13.0, 14.0]",solved,True,ENHSP default,60.0,0.606798,0,131,64.0,64.0,52.0,12.0,36,26,5,5,30,64.0,/mnt/c/Users/Endri/Desktop/planetary-rover-experimental-study/experiments/generated_problems/rover-timed-n5-mem-low-corr-low-seed-2.pddl,/mnt/c/Users/Endri/Desktop/planetary-rover-experimental-study/experiments/generated_problems/rover-timed-n5-mem-low-corr-low-seed-2.json,/mnt/c/Users/Endri/Desktop/planetary-rover-experimental-study/experiments/raw_outputs/rover-timed-n5-mem-low-corr-low-seed-2.txt,
rover-timed-n5-mem-low-corr-low-seed-3,timed,3,5,low,0.35,8,22,2.75,2.0,low,5,0,True,"[3, 6, 6, 3, 4]","[5, 2, 2, 5, 4]","[4.0, 3.0, 5.0, 2.0, 4.0]","[9.0, 7.0, 11.0, 10.0, 14.0]",solved,True,ENHSP default,60.0,0.566965,0,139,68.0,68.0,56.0,12.0,38,28,5,5,33,68.0,/mnt/c/Users/Endri/Desktop/planetary-rover-experimental-study/experiments/generated_problems/rover-timed-n5-mem-low-corr-low-seed-3.pddl,/mnt/c/Users/Endri/Desktop/planetary-rover-experimental-study/experiments/generated_problems/rover-timed-n5-mem-low-corr-low-seed-3.json,/mnt/c/Users/Endri/Desktop/planetary-rover-experimental-study/experiments/raw_outputs/rover-timed-n5-mem-low-corr-low-seed-3.txt,
rover-timed-n5-mem-low-corr-low-seed-4,timed,4,5,low,0.35,7,19,2.714286,2.0,low,5,0,True,"[3, 4, 2, 5, 5]","[3, 2, 2, 2, 5]","[4.0, 3.0, 4.0, 2.0, 4.0]","[7.0, 7.0, 10.0, 10.0, 14.0]",solved,True,ENHSP default,60.0,0.618815,0,130,63.0,63.0,52.0,11.0,36,26,5,5,31,63.0,/mnt/c/Users/Endri/Desktop/planetary-rover-experimental-study/experiments/generated_problems/rover-timed-n5-mem-low-corr-low-seed-4.pddl,/mnt/c/Users/Endri/Desktop/planetary-rover-experimental-study/experiments/generated_problems/rover-timed-n5-mem-low-corr-low-seed-4.json,/mnt/c/Users/Endri/Desktop/planetary-rover-experimental-study/experiments/raw_outputs/rover-timed-n5-mem-low-corr-low-seed-4.txt,
rover-timed-n5-mem-low-corr-medium-seed-0,timed,0,5,low,0.35,8,22,2.75,2.0,medium,5,0,True,"[5, 5, 2, 4, 6]","[5, 5, 4, 5, 4]","[2.0, 1.0, 1.0, 3.0, 1.0]","[7.0, 6.0, 7.0, 11.0, 11.0]",solved,True,ENHSP default,60.0,0.561815,0,126,59.0,59.0,52.0,7.0,36,26,5,5,29,59.0,/mnt/c/Users/Endri/Desktop/planetary-rover-experimental-study/experiments/generated_problems/rover-timed-n5-mem-low-corr-medium-seed-0.pddl,/mnt/c/Users/Endri/Desktop/planetary-rover-experimental-study/experiments/generated_problems/rover-timed-n5-mem-low-corr-medium-seed-0.json,/mnt/c/Users/Endri/Desktop/planetary-rover-experimental-study/experiments/raw_outputs/rover-timed-n5-mem-low-corr-medium-seed-0.txt,
rover-timed-n5-mem-low-corr-medium-seed-1,timed,1,5,low,0.35,6,17,2.833333,2.0,medium,5,0,True,"[3, 6, 2, 4, 2]","[5, 5, 5, 5, 3]","[3.0, 1.0, 1.0, 2.0, 1.0]","[8.0, 6.0, 7.0, 10.0, 11.0]",solved,True,ENHSP default,60.0,0.574576,0,131,60.0,60.0,56.0,4.0,38,28,5,5,30,60.0,/mnt/c/Users/Endri/Desktop/planetary-rover-experimental-study/experiments/generated_problems/rover-timed-n5-mem-low-corr-medium-seed-1.pddl,/mnt/c/Users/Endri/Desktop/planetary-rover-experimental-study/experiments/generated_problems/rover-timed-n5-mem-low-corr-medium-seed-1.json,/mnt/c/Users/Endri/Desktop/planetary-rover-experimental-study/experiments/raw_outputs/rover-timed-n5-mem-low-corr-medium-seed-1.txt,
rover-timed-n5-mem-low-corr-medium-seed-2,timed,2,5,low,0.35,5,13,2.6,2.0,medium,3,2,False,"[2, 2, 2, 4, 3]","[4, 4, 3, 2, 3]","[2.0, -1.0, -1.0, 3.0, 2.0]","[6.0, 3.0, 5.0, 11.0, 12.0]",unsolvable,False,ENHSP default,60.0,1.259579,0,,,,0.0,,0,0,0,0,0,0,/mnt/c/Users/Endri/Desktop/planetary-rover-experimental-study/experiments/generated_problems/rover-timed-n5-mem-low-corr-medium-seed-2.pddl,/mnt/c/Users/Endri/Desktop/planetary-rover-experimental-study/experiments/generated_problems/rover-timed-n5-mem-low-corr-medium-seed-2.json,/mnt/c/Users/Endri/Desktop/planetary-rover-experimental-study/experiments/raw_outputs/rover-timed-n5-mem-low-corr-medium-seed-2.txt,
rover-timed-n5-mem-low-corr-medium-seed-3,timed,3,5,low,0.35,8,22,2.75,2.0,medium,4,1,False,"[3, 6, 6, 3, 4]","[5, 2, 2, 5, 4]","[2.0, 1.0, 3.0, -1.0, 2.0]","[7.0, 5.0, 9.0, 7.0, 12.0]",unsolvable,False,ENHSP default,60.0,1.68418,0,,,,0.0,,0,0,0,0,0,0,/mnt/c/Users/Endri/Desktop/planetary-rover-experimental-study/experiments/generated_problems/rover-timed-n5-mem-low-corr-medium-seed-3.pddl,/mnt/c/Users/Endri/Desktop/planetary-rover-experimental-study/experiments/generated_problems/rover-timed-n5-mem-low-corr-medium-seed-3.json,/mnt/c/Users/Endri/Desktop/planetary-rover-experimental-study/experiments/raw_outputs/rover-timed-n5-mem-low-corr-medium-seed-3.txt,
rover-timed-n5-mem-low-corr-medium-seed-4,timed,4,5,low,0.35,7,19,2.714286,2.0,medium,4,1,False,"[3, 4, 2, 5, 5]","[3, 2, 2, 2, 5]","[2.0, 1.0, 2.0, -1.0, 2.0]","[5.0, 5.0, 8.0, 7.0, 12.0]",unsolvable,False,ENHSP default,60.0,1.487077,0,,,,0.0,,0,0,0,0,0,0,/mnt/c/Users/Endri/Desktop/planetary-rover-experimental-study/experiments/generated_problems/rover-timed-n5-mem-low-corr-medium-seed-4.pddl,/mnt/c/Users/Endri/Desktop/planetary-rover-experimental-study/experiments/generated_problems/rover-timed-n5-mem-low-corr-medium-seed-4.json,/mnt/c/Users/Endri/Desktop/planetary-rover-experimental-study/experiments/raw_outputs/rover-timed-n5-mem-low-corr-medium-seed-4.txt,
rover-timed-n5-mem-low-corr-high-seed-0,timed,0,5,low,0.35,8,22,2.75,2.0,high,2,3,False,"[5, 5, 2, 4, 6]","[5, 5, 4, 5, 4]","[1.0, -1.0, -1.0, 2.0, -1.0]","[6.0, 4.0, 5.0, 10.0, 9.0]",unsolvable,False,ENHSP default,60.0,0.74505,0,,,,0.0,,0,0,0,0,0,0,/mnt/c/Users/Endri/Desktop/planetary-rover-experimental-study/experiments/generated_problems/rover-timed-n5-mem-low-corr-high-seed-0.pddl,/mnt/c/Users/Endri/Desktop/planetary-rover-experimental-study/experiments/generated_problems/rover-timed-n5-mem-low-corr-high-seed-0.json,/mnt/c/Users/Endri/Desktop/planetary-rover-experimental-study/experiments/raw_outputs/rover-timed-n5-mem-low-corr-high-seed-0.txt,
rover-timed-n5-mem-low-corr-high-seed-1,timed,1,5,low,0.35,6,17,2.833333,2.0,high,2,3,False,"[3, 6, 2, 4, 2]","[5, 5, 5, 5, 3]","[2.0, -1.0, -1.0, 1.0, -1.0]","[7.0, 4.0, 5.0, 9.0, 9.0]",unsolvable,False,ENHSP default,60.0,0.74186,0,,,,0.0,,0,0,0,0,0,0,/mnt/c/Users/Endri/Desktop/planetary-rover-experimental-study/experiments/generated_problems/rover-timed-n5-mem-low-corr-high-seed-1.pddl,/mnt/c/Users/Endri/Desktop/planetary-rover-experimental-study/experiments/generated_problems/rover-timed-n5-mem-low-corr-high-seed-1.json,/mnt/c/Users/Endri/Desktop/planetary-rover-experimental-study/experiments/raw_outputs/rover-timed-n5-mem-low-corr-high-seed-1.txt,
rover-timed-n5-mem-low-corr-high-seed-2,timed,2,5,low,0.35,5,13,2.6,2.0,high,3,2,False,"[2, 2, 2, 4, 3]","[4, 4, 3, 2, 3]","[1.0, -2.0, -2.0, 2.0, 1.0]","[5.0, 2.0, 4.0, 10.0, 11.0]",unsolvable,False,ENHSP default,60.0,0.744659,0,,,,0.0,,0,0,0,0,0,0,/mnt/c/Users/Endri/Desktop/planetary-rover-experimental-study/experiments/generated_problems/rover-timed-n5-mem-low-corr-high-seed-2.pddl,/mnt/c/Users/Endri/Desktop/planetary-rover-experimental-study/experiments/generated_problems/rover-timed-n5-mem-low-corr-high-seed-2.json,/mnt/c/Users/Endri/Desktop/planetary-rover-experimental-study/experiments/raw_outputs/rover-timed-n5-mem-low-corr-high-seed-2.txt,
rover-timed-n5-mem-low-corr-high-seed-3,timed,3,5,low,0.35,8,22,2.75,2.0,high,3,2,False,"[3, 6, 6, 3, 4]","[5, 2, 2, 5, 4]","[1.0, -1.0, 2.0, -2.0, 1.0]","[6.0, 3.0, 8.0, 6.0, 11.0]",unsolvable,False,ENHSP default,60.0,0.84718,0,,,,0.0,,0,0,0,0,0,0,/mnt/c/Users/Endri/Desktop/planetary-rover-experimental-study/experiments/generated_problems/rover-timed-n5-mem-low-corr-high-seed-3.pddl,/mnt/c/Users/Endri/Desktop/planetary-rover-experimental-study/experiments/generated_problems/rover-timed-n5-mem-low-corr-high-seed-3.json,/mnt/c/Users/Endri/Desktop/planetary-rover-experimental-study/experiments/raw_outputs/rover-timed-n5-mem-low-corr-high-seed-3.txt,
rover-timed-n5-mem-low-corr-high-seed-4,timed,4,5,low,0.35,7,19,2.714286,2.0,high,3,2,False,"[3, 4, 2, 5, 5]","[3, 2, 2, 2, 5]","[1.0, -1.0, 1.0, -2.0, 1.0]","[4.0, 3.0, 7.0, 6.0, 11.0]",unsolvable,False,ENHSP default,60.0,0.745638,0,,,,0.0,,0,0,0,0,0,0,/mnt/c/Users/Endri/Desktop/planetary-rover-experimental-study/experiments/generated_problems/rover-timed-n5-mem-low-corr-high-seed-4.pddl,/mnt/c/Users/Endri/Desktop/planetary-rover-experimental-study/experiments/generated_problems/rover-timed-n5-mem-low-corr-high-seed-4.json,/mnt/c/Users/Endri/Desktop/planetary-rover-experimental-study/experiments/raw_outputs/rover-timed-n5-mem-low-corr-high-seed-4.txt,
rover-timed-n5-mem-medium-corr-low-seed-0,timed,0,5,medium,0.6,14,22,1.571429,2.0,low,5,0,True,"[5, 5, 2, 4, 6]","[5, 5, 4, 5, 4]","[4.0, 3.0, 3.0, 5.0, 3.0]","[9.0, 8.0, 9.0, 13.0, 13.0]",solved,True,ENHSP default,60.0,0.701459,0,82,35.0,35.0,32.0,3.0,26,16,5,5,18,35.0,/mnt/c/Users/Endri/Desktop/planetary-rover-experimental-study/experiments/generated_problems/rover-timed-n5-mem-medium-corr-low-seed-0.pddl,/mnt/c/Users/Endri/Desktop/planetary-rover-experimental-study/experiments/generated_problems/rover-timed-n5-mem-medium-corr-low-seed-0.json,/mnt/c/Users/Endri/Desktop/planetary-rover-experimental-study/experiments/raw_outputs/rover-timed-n5-mem-medium-corr-low-seed-0.txt,
rover-timed-n5-mem-medium-corr-low-seed-1,timed,1,5,medium,0.6,11,17,1.545455,2.0,low,5,0,True,"[3, 6, 2, 4, 2]","[5, 5, 5, 5, 3]","[5.0, 3.0, 3.0, 4.0, 3.0]","[10.0, 8.0, 9.0, 12.0, 13.0]",solved,True,ENHSP default,60.0,0.736095,0,88,41.0,41.0,32.0,9.0,26,16,5,5,19,41.0,/mnt/c/Users/Endri/Desktop/planetary-rover-experimental-study/experiments/generated_problems/rover-timed-n5-mem-medium-corr-low-seed-1.pddl,/mnt/c/Users/Endri/Desktop/planetary-rover-experimental-study/experiments/generated_problems/rover-timed-n5-mem-medium-corr-low-seed-1.json,/mnt/c/Users/Endri/Desktop/planetary-rover-experimental-study/experiments/raw_outputs/rover-timed-n5-mem-medium-corr-low-seed-1.txt,
rover-timed-n5-mem-medium-corr-low-seed-2,timed,2,5,medium,0.6,8,13,1.625,2.0,low,5,0,True,"[2, 2, 2, 4, 3]","[4, 4, 3, 2, 3]","[4.0, 2.0, 2.0, 5.0, 4.0]","[8.0, 6.0, 8.0, 13.0, 14.0]",solved,True,ENHSP default,60.0,0.639587,0,81,34.0,34.0,32.0,2.0,26,16,5,5,18,34.0,/mnt/c/Users/Endri/Desktop/planetary-rover-experimental-study/experiments/generated_problems/rover-timed-n5-mem-medium-corr-low-seed-2.pddl,/mnt/c/Users/Endri/Desktop/planetary-rover-experimental-study/experiments/generated_problems/rover-timed-n5-mem-medium-corr-low-seed-2.json,/mnt/c/Users/Endri/Desktop/planetary-rover-experimental-study/experiments/raw_outputs/rover-timed-n5-mem-medium-corr-low-seed-2.txt,
rover-timed-n5-mem-medium-corr-low-seed-3,timed,3,5,medium,0.6,14,22,1.571429,2.0,low,5,0,True,"[3, 6, 6, 3, 4]","[5, 2, 2, 5, 4]","[4.0, 3.0, 5.0, 2.0, 4.0]","[9.0, 7.0, 11.0, 10.0, 14.0]",solved,True,ENHSP default,60.0,0.687989,0,121,58.0,58.0,48.0,10.0,34,24,5,5,29,58.0,/mnt/c/Users/Endri/Desktop/planetary-rover-experimental-study/experiments/generated_problems/rover-timed-n5-mem-medium-corr-low-seed-3.pddl,/mnt/c/Users/Endri/Desktop/planetary-rover-experimental-study/experiments/generated_problems/rover-timed-n5-mem-medium-corr-low-seed-3.json,/mnt/c/Users/Endri/Desktop/planetary-rover-experimental-study/experiments/raw_outputs/rover-timed-n5-mem-medium-corr-low-seed-3.txt,
rover-timed-n5-mem-medium-corr-low-seed-4,timed,4,5,medium,0.6,12,19,1.583333,2.0,low,5,0,True,"[3, 4, 2, 5, 5]","[3, 2, 2, 2, 5]","[4.0, 3.0, 4.0, 2.0, 4.0]","[7.0, 7.0, 10.0, 10.0, 14.0]",solved,True,ENHSP default,60.0,0.681681,0,85,38.0,38.0,32.0,6.0,26,16,5,5,19,38.0,/mnt/c/Users/Endri/Desktop/planetary-rover-experimental-study/experiments/generated_problems/rover-timed-n5-mem-medium-corr-low-seed-4.pddl,/mnt/c/Users/Endri/Desktop/planetary-rover-experimental-study/experiments/generated_problems/rover-timed-n5-mem-medium-corr-low-seed-4.json,/mnt/c/Users/Endri/Desktop/planetary-rover-experimental-study/experiments/raw_outputs/rover-timed-n5-mem-medium-corr-low-seed-4.txt,
rover-timed-n5-mem-medium-corr-medium-seed-0,timed,0,5,medium,0.6,14,22,1.571429,2.0,medium,5,0,True,"[5, 5, 2, 4, 6]","[5, 5, 4, 5, 4]","[2.0, 1.0, 1.0, 3.0, 1.0]","[7.0, 6.0, 7.0, 11.0, 11.0]",solved,True,ENHSP default,60.0,0.650444,0,82,35.0,35.0,32.0,3.0,26,16,5,5,18,35.0,/mnt/c/Users/Endri/Desktop/planetary-rover-experimental-study/experiments/generated_problems/rover-timed-n5-mem-medium-corr-medium-seed-0.pddl,/mnt/c/Users/Endri/Desktop/planetary-rover-experimental-study/experiments/generated_problems/rover-timed-n5-mem-medium-corr-medium-seed-0.json,/mnt/c/Users/Endri/Desktop/planetary-rover-experimental-study/experiments/raw_outputs/rover-timed-n5-mem-medium-corr-medium-seed-0.txt,
rover-timed-n5-mem-medium-corr-medium-seed-1,timed,1,5,medium,0.6,11,17,1.545455,2.0,medium,5,0,True,"[3, 6, 2, 4, 2]","[5, 5, 5, 5, 3]","[3.0, 1.0, 1.0, 2.0, 1.0]","[8.0, 6.0, 7.0, 10.0, 11.0]",solved,True,ENHSP default,60.0,0.672355,0,82,35.0,35.0,32.0,3.0,26,16,5,5,18,35.0,/mnt/c/Users/Endri/Desktop/planetary-rover-experimental-study/experiments/generated_problems/rover-timed-n5-mem-medium-corr-medium-seed-1.pddl,/mnt/c/Users/Endri/Desktop/planetary-rover-experimental-study/experiments/generated_problems/rover-timed-n5-mem-medium-corr-medium-seed-1.json,/mnt/c/Users/Endri/Desktop/planetary-rover-experimental-study/experiments/raw_outputs/rover-timed-n5-mem-medium-corr-medium-seed-1.txt,
rover-timed-n5-mem-medium-corr-medium-seed-2,timed,2,5,medium,0.6,8,13,1.625,2.0,medium,3,2,False,"[2, 2, 2, 4, 3]","[4, 4, 3, 2, 3]","[2.0, -1.0, -1.0, 3.0, 2.0]","[6.0, 3.0, 5.0, 11.0, 12.0]",unsolvable,False,ENHSP default,60.0,1.822608,0,,,,0.0,,0,0,0,0,0,0,/mnt/c/Users/Endri/Desktop/planetary-rover-experimental-study/experiments/generated_problems/rover-timed-n5-mem-medium-corr-medium-seed-2.pddl,/mnt/c/Users/Endri/Desktop/planetary-rover-experimental-study/experiments/generated_problems/rover-timed-n5-mem-medium-corr-medium-seed-2.json,/mnt/c/Users/Endri/Desktop/planetary-rover-experimental-study/experiments/raw_outputs/rover-timed-n5-mem-medium-corr-medium-seed-2.txt,
rover-timed-n5-mem-medium-corr-medium-seed-3,timed,3,5,medium,0.6,14,22,1.571429,2.0,medium,4,1,False,"[3, 6, 6, 3, 4]","[5, 2, 2, 5, 4]","[2.0, 1.0, 3.0, -1.0, 2.0]","[7.0, 5.0, 9.0, 7.0, 12.0]",unsolvable,False,ENHSP default,60.0,2.930816,0,,,,0.0,,0,0,0,0,0,0,/mnt/c/Users/Endri/Desktop/planetary-rover-experimental-study/experiments/generated_problems/rover-timed-n5-mem-medium-corr-medium-seed-3.pddl,/mnt/c/Users/Endri/Desktop/planetary-rover-experimental-study/experiments/generated_problems/rover-timed-n5-mem-medium-corr-medium-seed-3.json,/mnt/c/Users/Endri/Desktop/planetary-rover-experimental-study/experiments/raw_outputs/rover-timed-n5-mem-medium-corr-medium-seed-3.txt,
rover-timed-n5-mem-medium-corr-medium-seed-4,timed,4,5,medium,0.6,12,19,1.583333,2.0,medium,4,1,False,"[3, 4, 2, 5, 5]","[3, 2, 2, 2, 5]","[2.0, 1.0, 2.0, -1.0, 2.0]","[5.0, 5.0, 8.0, 7.0, 12.0]",unsolvable,False,ENHSP default,60.0,2.375495,0,,,,0.0,,0,0,0,0,0,0,/mnt/c/Users/Endri/Desktop/planetary-rover-experimental-study/experiments/generated_problems/rover-timed-n5-mem-medium-corr-medium-seed-4.pddl,/mnt/c/Users/Endri/Desktop/planetary-rover-experimental-study/experiments/generated_problems/rover-timed-n5-mem-medium-corr-medium-seed-4.json,/mnt/c/Users/Endri/Desktop/planetary-rover-experimental-study/experiments/raw_outputs/rover-timed-n5-mem-medium-corr-medium-seed-4.txt,
rover-timed-n5-mem-medium-corr-high-seed-0,timed,0,5,medium,0.6,14,22,1.571429,2.0,high,2,3,False,"[5, 5, 2, 4, 6]","[5, 5, 4, 5, 4]","[1.0, -1.0, -1.0, 2.0, -1.0]","[6.0, 4.0, 5.0, 10.0, 9.0]",unsolvable,False,ENHSP default,60.0,0.865307,0,,,,0.0,,0,0,0,0,0,0,/mnt/c/Users/Endri/Desktop/planetary-rover-experimental-study/experiments/generated_problems/rover-timed-n5-mem-medium-corr-high-seed-0.pddl,/mnt/c/Users/Endri/Desktop/planetary-rover-experimental-study/experiments/generated_problems/rover-timed-n5-mem-medium-corr-high-seed-0.json,/mnt/c/Users/Endri/Desktop/planetary-rover-experimental-study/experiments/raw_outputs/rover-timed-n5-mem-medium-corr-high-seed-0.txt,
rover-timed-n5-mem-medium-corr-high-seed-1,timed,1,5,medium,0.6,11,17,1.545455,2.0,high,2,3,False,"[3, 6, 2, 4, 2]","[5, 5, 5, 5, 3]","[2.0, -1.0, -1.0, 1.0, -1.0]","[7.0, 4.0, 5.0, 9.0, 9.0]",unsolvable,False,ENHSP default,60.0,0.870444,0,,,,0.0,,0,0,0,0,0,0,/mnt/c/Users/Endri/Desktop/planetary-rover-experimental-study/experiments/generated_problems/rover-timed-n5-mem-medium-corr-high-seed-1.pddl,/mnt/c/Users/Endri/Desktop/planetary-rover-experimental-study/experiments/generated_problems/rover-timed-n5-mem-medium-corr-high-seed-1.json,/mnt/c/Users/Endri/Desktop/planetary-rover-experimental-study/experiments/raw_outputs/rover-timed-n5-mem-medium-corr-high-seed-1.txt,
rover-timed-n5-mem-medium-corr-high-seed-2,timed,2,5,medium,0.6,8,13,1.625,2.0,high,3,2,False,"[2, 2, 2, 4, 3]","[4, 4, 3, 2, 3]","[1.0, -2.0, -2.0, 2.0, 1.0]","[5.0, 2.0, 4.0, 10.0, 11.0]",unsolvable,False,ENHSP default,60.0,1.006381,0,,,,0.0,,0,0,0,0,0,0,/mnt/c/Users/Endri/Desktop/planetary-rover-experimental-study/experiments/generated_problems/rover-timed-n5-mem-medium-corr-high-seed-2.pddl,/mnt/c/Users/Endri/Desktop/planetary-rover-experimental-study/experiments/generated_problems/rover-timed-n5-mem-medium-corr-high-seed-2.json,/mnt/c/Users/Endri/Desktop/planetary-rover-experimental-study/experiments/raw_outputs/rover-timed-n5-mem-medium-corr-high-seed-2.txt,
rover-timed-n5-mem-medium-corr-high-seed-3,timed,3,5,medium,0.6,14,22,1.571429,2.0,high,3,2,False,"[3, 6, 6, 3, 4]","[5, 2, 2, 5, 4]","[1.0, -1.0, 2.0, -2.0, 1.0]","[6.0, 3.0, 8.0, 6.0, 11.0]",unsolvable,False,ENHSP default,60.0,0.963362,0,,,,0.0,,0,0,0,0,0,0,/mnt/c/Users/Endri/Desktop/planetary-rover-experimental-study/experiments/generated_problems/rover-timed-n5-mem-medium-corr-high-seed-3.pddl,/mnt/c/Users/Endri/Desktop/planetary-rover-experimental-study/experiments/generated_problems/rover-timed-n5-mem-medium-corr-high-seed-3.json,/mnt/c/Users/Endri/Desktop/planetary-rover-experimental-study/experiments/raw_outputs/rover-timed-n5-mem-medium-corr-high-seed-3.txt,
rover-timed-n5-mem-medium-corr-high-seed-4,timed,4,5,medium,0.6,12,19,1.583333,2.0,high,3,2,False,"[3, 4, 2, 5, 5]","[3, 2, 2, 2, 5]","[1.0, -1.0, 1.0, -2.0, 1.0]","[4.0, 3.0, 7.0, 6.0, 11.0]",unsolvable,False,ENHSP default,60.0,0.985221,0,,,,0.0,,0,0,0,0,0,0,/mnt/c/Users/Endri/Desktop/planetary-rover-experimental-study/experiments/generated_problems/rover-timed-n5-mem-medium-corr-high-seed-4.pddl,/mnt/c/Users/Endri/Desktop/planetary-rover-experimental-study/experiments/generated_problems/rover-timed-n5-mem-medium-corr-high-seed-4.json,/mnt/c/Users/Endri/Desktop/planetary-rover-experimental-study/experiments/raw_outputs/rover-timed-n5-mem-medium-corr-high-seed-4.txt,
rover-timed-n5-mem-high-corr-low-seed-0,timed,0,5,high,1.0,22,22,1.0,2.0,low,5,0,True,"[5, 5, 2, 4, 6]","[5, 5, 4, 5, 4]","[4.0, 3.0, 3.0, 5.0, 3.0]","[9.0, 8.0, 9.0, 13.0, 13.0]",solved,True,ENHSP default,60.0,0.69724,0,86,39.0,39.0,32.0,7.0,26,16,5,5,19,39.0,/mnt/c/Users/Endri/Desktop/planetary-rover-experimental-study/experiments/generated_problems/rover-timed-n5-mem-high-corr-low-seed-0.pddl,/mnt/c/Users/Endri/Desktop/planetary-rover-experimental-study/experiments/generated_problems/rover-timed-n5-mem-high-corr-low-seed-0.json,/mnt/c/Users/Endri/Desktop/planetary-rover-experimental-study/experiments/raw_outputs/rover-timed-n5-mem-high-corr-low-seed-0.txt,
rover-timed-n5-mem-high-corr-low-seed-1,timed,1,5,high,1.0,17,17,1.0,2.0,low,5,0,True,"[3, 6, 2, 4, 2]","[5, 5, 5, 5, 3]","[5.0, 3.0, 3.0, 4.0, 3.0]","[10.0, 8.0, 9.0, 12.0, 13.0]",solved,True,ENHSP default,60.0,0.785871,0,88,41.0,41.0,32.0,9.0,26,16,5,5,20,41.0,/mnt/c/Users/Endri/Desktop/planetary-rover-experimental-study/experiments/generated_problems/rover-timed-n5-mem-high-corr-low-seed-1.pddl,/mnt/c/Users/Endri/Desktop/planetary-rover-experimental-study/experiments/generated_problems/rover-timed-n5-mem-high-corr-low-seed-1.json,/mnt/c/Users/Endri/Desktop/planetary-rover-experimental-study/experiments/raw_outputs/rover-timed-n5-mem-high-corr-low-seed-1.txt,
rover-timed-n5-mem-high-corr-low-seed-2,timed,2,5,high,1.0,13,13,1.0,2.0,low,5,0,True,"[2, 2, 2, 4, 3]","[4, 4, 3, 2, 3]","[4.0, 2.0, 2.0, 5.0, 4.0]","[8.0, 6.0, 8.0, 13.0, 14.0]",solved,True,ENHSP default,60.0,0.619161,0,83,36.0,36.0,32.0,4.0,26,16,5,5,19,36.0,/mnt/c/Users/Endri/Desktop/planetary-rover-experimental-study/experiments/generated_problems/rover-timed-n5-mem-high-corr-low-seed-2.pddl,/mnt/c/Users/Endri/Desktop/planetary-rover-experimental-study/experiments/generated_problems/rover-timed-n5-mem-high-corr-low-seed-2.json,/mnt/c/Users/Endri/Desktop/planetary-rover-experimental-study/experiments/raw_outputs/rover-timed-n5-mem-high-corr-low-seed-2.txt,
rover-timed-n5-mem-high-corr-low-seed-3,timed,3,5,high,1.0,22,22,1.0,2.0,low,5,0,True,"[3, 6, 6, 3, 4]","[5, 2, 2, 5, 4]","[4.0, 3.0, 5.0, 2.0, 4.0]","[9.0, 7.0, 11.0, 10.0, 14.0]",solved,True,ENHSP default,60.0,0.679653,0,89,42.0,42.0,32.0,10.0,26,16,5,5,19,42.0,/mnt/c/Users/Endri/Desktop/planetary-rover-experimental-study/experiments/generated_problems/rover-timed-n5-mem-high-corr-low-seed-3.pddl,/mnt/c/Users/Endri/Desktop/planetary-rover-experimental-study/experiments/generated_problems/rover-timed-n5-mem-high-corr-low-seed-3.json,/mnt/c/Users/Endri/Desktop/planetary-rover-experimental-study/experiments/raw_outputs/rover-timed-n5-mem-high-corr-low-seed-3.txt,
rover-timed-n5-mem-high-corr-low-seed-4,timed,4,5,high,1.0,19,19,1.0,2.0,low,5,0,True,"[3, 4, 2, 5, 5]","[3, 2, 2, 2, 5]","[4.0, 3.0, 4.0, 2.0, 4.0]","[7.0, 7.0, 10.0, 10.0, 14.0]",solved,True,ENHSP default,60.0,0.664921,0,86,39.0,39.0,32.0,7.0,26,16,5,5,20,39.0,/mnt/c/Users/Endri/Desktop/planetary-rover-experimental-study/experiments/generated_problems/rover-timed-n5-mem-high-corr-low-seed-4.pddl,/mnt/c/Users/Endri/Desktop/planetary-rover-experimental-study/experiments/generated_problems/rover-timed-n5-mem-high-corr-low-seed-4.json,/mnt/c/Users/Endri/Desktop/planetary-rover-experimental-study/experiments/raw_outputs/rover-timed-n5-mem-high-corr-low-seed-4.txt,
rover-timed-n5-mem-high-corr-medium-seed-0,timed,0,5,high,1.0,22,22,1.0,2.0,medium,5,0,True,"[5, 5, 2, 4, 6]","[5, 5, 4, 5, 4]","[2.0, 1.0, 1.0, 3.0, 1.0]","[7.0, 6.0, 7.0, 11.0, 11.0]",solved,True,ENHSP default,60.0,0.64572,0,82,35.0,35.0,32.0,3.0,26,16,5,5,18,35.0,/mnt/c/Users/Endri/Desktop/planetary-rover-experimental-study/experiments/generated_problems/rover-timed-n5-mem-high-corr-medium-seed-0.pddl,/mnt/c/Users/Endri/Desktop/planetary-rover-experimental-study/experiments/generated_problems/rover-timed-n5-mem-high-corr-medium-seed-0.json,/mnt/c/Users/Endri/Desktop/planetary-rover-experimental-study/experiments/raw_outputs/rover-timed-n5-mem-high-corr-medium-seed-0.txt,
rover-timed-n5-mem-high-corr-medium-seed-1,timed,1,5,high,1.0,17,17,1.0,2.0,medium,5,0,True,"[3, 6, 2, 4, 2]","[5, 5, 5, 5, 3]","[3.0, 1.0, 1.0, 2.0, 1.0]","[8.0, 6.0, 7.0, 10.0, 11.0]",solved,True,ENHSP default,60.0,0.643585,0,82,35.0,35.0,32.0,3.0,26,16,5,5,18,35.0,/mnt/c/Users/Endri/Desktop/planetary-rover-experimental-study/experiments/generated_problems/rover-timed-n5-mem-high-corr-medium-seed-1.pddl,/mnt/c/Users/Endri/Desktop/planetary-rover-experimental-study/experiments/generated_problems/rover-timed-n5-mem-high-corr-medium-seed-1.json,/mnt/c/Users/Endri/Desktop/planetary-rover-experimental-study/experiments/raw_outputs/rover-timed-n5-mem-high-corr-medium-seed-1.txt,
rover-timed-n5-mem-high-corr-medium-seed-2,timed,2,5,high,1.0,13,13,1.0,2.0,medium,3,2,False,"[2, 2, 2, 4, 3]","[4, 4, 3, 2, 3]","[2.0, -1.0, -1.0, 3.0, 2.0]","[6.0, 3.0, 5.0, 11.0, 12.0]",unsolvable,False,ENHSP default,60.0,1.906551,0,,,,0.0,,0,0,0,0,0,0,/mnt/c/Users/Endri/Desktop/planetary-rover-experimental-study/experiments/generated_problems/rover-timed-n5-mem-high-corr-medium-seed-2.pddl,/mnt/c/Users/Endri/Desktop/planetary-rover-experimental-study/experiments/generated_problems/rover-timed-n5-mem-high-corr-medium-seed-2.json,/mnt/c/Users/Endri/Desktop/planetary-rover-experimental-study/experiments/raw_outputs/rover-timed-n5-mem-high-corr-medium-seed-2.txt,
rover-timed-n5-mem-high-corr-medium-seed-3,timed,3,5,high,1.0,22,22,1.0,2.0,medium,4,1,False,"[3, 6, 6, 3, 4]","[5, 2, 2, 5, 4]","[2.0, 1.0, 3.0, -1.0, 2.0]","[7.0, 5.0, 9.0, 7.0, 12.0]",unsolvable,False,ENHSP default,60.0,3.27406,0,,,,0.0,,0,0,0,0,0,0,/mnt/c/Users/Endri/Desktop/planetary-rover-experimental-study/experiments/generated_problems/rover-timed-n5-mem-high-corr-medium-seed-3.pddl,/mnt/c/Users/Endri/Desktop/planetary-rover-experimental-study/experiments/generated_problems/rover-timed-n5-mem-high-corr-medium-seed-3.json,/mnt/c/Users/Endri/Desktop/planetary-rover-experimental-study/experiments/raw_outputs/rover-timed-n5-mem-high-corr-medium-seed-3.txt,
rover-timed-n5-mem-high-corr-medium-seed-4,timed,4,5,high,1.0,19,19,1.0,2.0,medium,4,1,False,"[3, 4, 2, 5, 5]","[3, 2, 2, 2, 5]","[2.0, 1.0, 2.0, -1.0, 2.0]","[5.0, 5.0, 8.0, 7.0, 12.0]",unsolvable,False,ENHSP default,60.0,2.480769,0,,,,0.0,,0,0,0,0,0,0,/mnt/c/Users/Endri/Desktop/planetary-rover-experimental-study/experiments/generated_problems/rover-timed-n5-mem-high-corr-medium-seed-4.pddl,/mnt/c/Users/Endri/Desktop/planetary-rover-experimental-study/experiments/generated_problems/rover-timed-n5-mem-high-corr-medium-seed-4.json,/mnt/c/Users/Endri/Desktop/planetary-rover-experimental-study/experiments/raw_outputs/rover-timed-n5-mem-high-corr-medium-seed-4.txt,
rover-timed-n5-mem-high-corr-high-seed-0,timed,0,5,high,1.0,22,22,1.0,2.0,high,2,3,False,"[5, 5, 2, 4, 6]","[5, 5, 4, 5, 4]","[1.0, -1.0, -1.0, 2.0, -1.0]","[6.0, 4.0, 5.0, 10.0, 9.0]",unsolvable,False,ENHSP default,60.0,0.986173,0,,,,0.0,,0,0,0,0,0,0,/mnt/c/Users/Endri/Desktop/planetary-rover-experimental-study/experiments/generated_problems/rover-timed-n5-mem-high-corr-high-seed-0.pddl,/mnt/c/Users/Endri/Desktop/planetary-rover-experimental-study/experiments/generated_problems/rover-timed-n5-mem-high-corr-high-seed-0.json,/mnt/c/Users/Endri/Desktop/planetary-rover-experimental-study/experiments/raw_outputs/rover-timed-n5-mem-high-corr-high-seed-0.txt,
rover-timed-n5-mem-high-corr-high-seed-1,timed,1,5,high,1.0,17,17,1.0,2.0,high,2,3,False,"[3, 6, 2, 4, 2]","[5, 5, 5, 5, 3]","[2.0, -1.0, -1.0, 1.0, -1.0]","[7.0, 4.0, 5.0, 9.0, 9.0]",unsolvable,False,ENHSP default,60.0,1.065091,0,,,,0.0,,0,0,0,0,0,0,/mnt/c/Users/Endri/Desktop/planetary-rover-experimental-study/experiments/generated_problems/rover-timed-n5-mem-high-corr-high-seed-1.pddl,/mnt/c/Users/Endri/Desktop/planetary-rover-experimental-study/experiments/generated_problems/rover-timed-n5-mem-high-corr-high-seed-1.json,/mnt/c/Users/Endri/Desktop/planetary-rover-experimental-study/experiments/raw_outputs/rover-timed-n5-mem-high-corr-high-seed-1.txt,
rover-timed-n5-mem-high-corr-high-seed-2,timed,2,5,high,1.0,13,13,1.0,2.0,high,3,2,False,"[2, 2, 2, 4, 3]","[4, 4, 3, 2, 3]","[1.0, -2.0, -2.0, 2.0, 1.0]","[5.0, 2.0, 4.0, 10.0, 11.0]",unsolvable,False,ENHSP default,60.0,0.9585,0,,,,0.0,,0,0,0,0,0,0,/mnt/c/Users/Endri/Desktop/planetary-rover-experimental-study/experiments/generated_problems/rover-timed-n5-mem-high-corr-high-seed-2.pddl,/mnt/c/Users/Endri/Desktop/planetary-rover-experimental-study/experiments/generated_problems/rover-timed-n5-mem-high-corr-high-seed-2.json,/mnt/c/Users/Endri/Desktop/planetary-rover-experimental-study/experiments/raw_outputs/rover-timed-n5-mem-high-corr-high-seed-2.txt,
rover-timed-n5-mem-high-corr-high-seed-3,timed,3,5,high,1.0,22,22,1.0,2.0,high,3,2,False,"[3, 6, 6, 3, 4]","[5, 2, 2, 5, 4]","[1.0, -1.0, 2.0, -2.0, 1.0]","[6.0, 3.0, 8.0, 6.0, 11.0]",unsolvable,False,ENHSP default,60.0,0.996363,0,,,,0.0,,0,0,0,0,0,0,/mnt/c/Users/Endri/Desktop/planetary-rover-experimental-study/experiments/generated_problems/rover-timed-n5-mem-high-corr-high-seed-3.pddl,/mnt/c/Users/Endri/Desktop/planetary-rover-experimental-study/experiments/generated_problems/rover-timed-n5-mem-high-corr-high-seed-3.json,/mnt/c/Users/Endri/Desktop/planetary-rover-experimental-study/experiments/raw_outputs/rover-timed-n5-mem-high-corr-high-seed-3.txt,
rover-timed-n5-mem-high-corr-high-seed-4,timed,4,5,high,1.0,19,19,1.0,2.0,high,3,2,False,"[3, 4, 2, 5, 5]","[3, 2, 2, 2, 5]","[1.0, -1.0, 1.0, -2.0, 1.0]","[4.0, 3.0, 7.0, 6.0, 11.0]",unsolvable,False,ENHSP default,60.0,0.970739,0,,,,0.0,,0,0,0,0,0,0,/mnt/c/Users/Endri/Desktop/planetary-rover-experimental-study/experiments/generated_problems/rover-timed-n5-mem-high-corr-high-seed-4.pddl,/mnt/c/Users/Endri/Desktop/planetary-rover-experimental-study/experiments/generated_problems/rover-timed-n5-mem-high-corr-high-seed-4.json,/mnt/c/Users/Endri/Desktop/planetary-rover-experimental-study/experiments/raw_outputs/rover-timed-n5-mem-high-corr-high-seed-4.txt,
rover-timed-n7-mem-low-corr-low-seed-0,timed,0,7,low,0.35,12,32,2.666667,2.0,low,7,0,True,"[5, 5, 2, 4, 6, 5, 5]","[4, 5, 4, 3, 3, 4, 3]","[4.0, 3.0, 3.0, 5.0, 3.0, 5.0, 3.0]","[8.0, 8.0, 9.0, 13.0, 13.0, 17.0, 17.0]",solved,True,ENHSP default,60.0,0.981554,0,154,69.0,69.0,64.0,5.0,46,32,7,7,35,69.0,/mnt/c/Users/Endri/Desktop/planetary-rover-experimental-study/experiments/generated_problems/rover-timed-n7-mem-low-corr-low-seed-0.pddl,/mnt/c/Users/Endri/Desktop/planetary-rover-experimental-study/experiments/generated_problems/rover-timed-n7-mem-low-corr-low-seed-0.json,/mnt/c/Users/Endri/Desktop/planetary-rover-experimental-study/experiments/raw_outputs/rover-timed-n7-mem-low-corr-low-seed-0.txt,
rover-timed-n7-mem-low-corr-low-seed-1,timed,1,7,low,0.35,10,27,2.7,2.0,low,7,0,True,"[3, 6, 2, 4, 2, 5, 5]","[5, 5, 3, 2, 5, 2, 5]","[5.0, 3.0, 3.0, 4.0, 3.0, 2.0, 4.0]","[10.0, 8.0, 9.0, 12.0, 13.0, 14.0, 18.0]",solved,True,ENHSP default,60.0,0.994928,0,183,86.0,86.0,76.0,10.0,52,38,7,7,43,86.0,/mnt/c/Users/Endri/Desktop/planetary-rover-experimental-study/experiments/generated_problems/rover-timed-n7-mem-low-corr-low-seed-1.pddl,/mnt/c/Users/Endri/Desktop/planetary-rover-experimental-study/experiments/generated_problems/rover-timed-n7-mem-low-corr-low-seed-1.json,/mnt/c/Users/Endri/Desktop/planetary-rover-experimental-study/experiments/raw_outputs/rover-timed-n7-mem-low-corr-low-seed-1.txt,
rover-timed-n7-mem-low-corr-low-seed-2,timed,2,7,low,0.35,8,21,2.625,2.0,low,7,0,True,"[2, 2, 2, 4, 3, 4, 4]","[3, 2, 3, 5, 5, 4, 5]","[4.0, 2.0, 2.0, 5.0, 4.0, 4.0, 2.0]","[7.0, 6.0, 8.0, 13.0, 14.0, 16.0, 16.0]",solved,True,ENHSP default,60.0,0.98136,0,156,71.0,71.0,64.0,7.0,46,32,7,7,37,71.0,/mnt/c/Users/Endri/Desktop/planetary-rover-experimental-study/experiments/generated_problems/rover-timed-n7-mem-low-corr-low-seed-2.pddl,/mnt/c/Users/Endri/Desktop/planetary-rover-experimental-study/experiments/generated_problems/rover-timed-n7-mem-low-corr-low-seed-2.json,/mnt/c/Users/Endri/Desktop/planetary-rover-experimental-study/experiments/raw_outputs/rover-timed-n7-mem-low-corr-low-seed-2.txt,
rover-timed-n7-mem-low-corr-low-seed-3,timed,3,7,low,0.35,12,33,2.75,2.0,low,7,0,True,"[3, 6, 6, 3, 4, 6, 5]","[2, 2, 5, 4, 3, 3, 5]","[4.0, 3.0, 5.0, 2.0, 4.0, 5.0, 3.0]","[6.0, 7.0, 11.0, 10.0, 14.0, 17.0, 17.0]",solved,True,ENHSP default,60.0,1.009513,0,185,88.0,88.0,76.0,12.0,52,38,7,7,44,88.0,/mnt/c/Users/Endri/Desktop/planetary-rover-experimental-study/experiments/generated_problems/rover-timed-n7-mem-low-corr-low-seed-3.pddl,/mnt/c/Users/Endri/Desktop/planetary-rover-experimental-study/experiments/generated_problems/rover-timed-n7-mem-low-corr-low-seed-3.json,/mnt/c/Users/Endri/Desktop/planetary-rover-experimental-study/experiments/raw_outputs/rover-timed-n7-mem-low-corr-low-seed-3.txt,
rover-timed-n7-mem-low-corr-low-seed-4,timed,4,7,low,0.35,9,24,2.666667,2.0,low,7,0,True,"[3, 4, 2, 5, 5, 3, 2]","[2, 2, 5, 4, 2, 3, 4]","[4.0, 3.0, 4.0, 2.0, 4.0, 5.0, 2.0]","[6.0, 7.0, 10.0, 10.0, 14.0, 17.0, 16.0]",solved,True,ENHSP default,60.0,0.790936,0,206,97.0,97.0,88.0,9.0,58,44,7,7,49,97.0,/mnt/c/Users/Endri/Desktop/planetary-rover-experimental-study/experiments/generated_problems/rover-timed-n7-mem-low-corr-low-seed-4.pddl,/mnt/c/Users/Endri/Desktop/planetary-rover-experimental-study/experiments/generated_problems/rover-timed-n7-mem-low-corr-low-seed-4.json,/mnt/c/Users/Endri/Desktop/planetary-rover-experimental-study/experiments/raw_outputs/rover-timed-n7-mem-low-corr-low-seed-4.txt,
rover-timed-n7-mem-low-corr-medium-seed-0,timed,0,7,low,0.35,12,32,2.666667,2.0,medium,7,0,True,"[5, 5, 2, 4, 6, 5, 5]","[4, 5, 4, 3, 3, 4, 3]","[2.0, 1.0, 1.0, 3.0, 1.0, 3.0, 1.0]","[6.0, 6.0, 7.0, 11.0, 11.0, 15.0, 15.0]",solved,True,ENHSP default,60.0,0.907557,0,153,68.0,68.0,64.0,4.0,46,32,7,7,35,68.0,/mnt/c/Users/Endri/Desktop/planetary-rover-experimental-study/experiments/generated_problems/rover-timed-n7-mem-low-corr-medium-seed-0.pddl,/mnt/c/Users/Endri/Desktop/planetary-rover-experimental-study/experiments/generated_problems/rover-timed-n7-mem-low-corr-medium-seed-0.json,/mnt/c/Users/Endri/Desktop/planetary-rover-experimental-study/experiments/raw_outputs/rover-timed-n7-mem-low-corr-medium-seed-0.txt,
rover-timed-n7-mem-low-corr-medium-seed-1,timed,1,7,low,0.35,10,27,2.7,2.0,medium,6,1,False,"[3, 6, 2, 4, 2, 5, 5]","[5, 5, 3, 2, 5, 2, 5]","[3.0, 1.0, 1.0, 2.0, 1.0, -1.0, 2.0]","[8.0, 6.0, 7.0, 10.0, 11.0, 11.0, 16.0]",unsolvable,False,ENHSP default,60.0,57.187184,0,,,,0.0,,0,0,0,0,0,0,/mnt/c/Users/Endri/Desktop/planetary-rover-experimental-study/experiments/generated_problems/rover-timed-n7-mem-low-corr-medium-seed-1.pddl,/mnt/c/Users/Endri/Desktop/planetary-rover-experimental-study/experiments/generated_problems/rover-timed-n7-mem-low-corr-medium-seed-1.json,/mnt/c/Users/Endri/Desktop/planetary-rover-experimental-study/experiments/raw_outputs/rover-timed-n7-mem-low-corr-medium-seed-1.txt,
rover-timed-n7-mem-low-corr-medium-seed-2,timed,2,7,low,0.35,8,21,2.625,2.0,medium,4,3,False,"[2, 2, 2, 4, 3, 4, 4]","[3, 2, 3, 5, 5, 4, 5]","[2.0, -1.0, -1.0, 3.0, 2.0, 2.0, -1.0]","[5.0, 3.0, 5.0, 11.0, 12.0, 14.0, 13.0]",unsolvable,False,ENHSP default,60.0,14.391572,0,,,,0.0,,0,0,0,0,0,0,/mnt/c/Users/Endri/Desktop/planetary-rover-experimental-study/experiments/generated_problems/rover-timed-n7-mem-low-corr-medium-seed-2.pddl,/mnt/c/Users/Endri/Desktop/planetary-rover-experimental-study/experiments/generated_problems/rover-timed-n7-mem-low-corr-medium-seed-2.json,/mnt/c/Users/Endri/Desktop/planetary-rover-experimental-study/experiments/raw_outputs/rover-timed-n7-mem-low-corr-medium-seed-2.txt,
rover-timed-n7-mem-low-corr-medium-seed-3,timed,3,7,low,0.35,12,33,2.75,2.0,medium,6,1,False,"[3, 6, 6, 3, 4, 6, 5]","[2, 2, 5, 4, 3, 3, 5]","[2.0, 1.0, 3.0, -1.0, 2.0, 3.0, 1.0]","[4.0, 5.0, 9.0, 7.0, 12.0, 15.0, 15.0]",timeout,False,ENHSP default,60.0,60.188973,124,,,,0.0,,0,0,0,0,0,0.0,/mnt/c/Users/Endri/Desktop/planetary-rover-experimental-study/experiments/generated_problems/rover-timed-n7-mem-low-corr-medium-seed-3.pddl,/mnt/c/Users/Endri/Desktop/planetary-rover-experimental-study/experiments/generated_problems/rover-timed-n7-mem-low-corr-medium-seed-3.json,/mnt/c/Users/Endri/Desktop/planetary-rover-experimental-study/experiments/raw_outputs/rover-timed-n7-mem-low-corr-medium-seed-3.txt,
rover-timed-n7-mem-low-corr-medium-seed-4,timed,4,7,low,0.35,9,24,2.666667,2.0,medium,5,2,False,"[3, 4, 2, 5, 5, 3, 2]","[2, 2, 5, 4, 2, 3, 4]","[2.0, 1.0, 2.0, -1.0, 2.0, 3.0, -1.0]","[4.0, 5.0, 8.0, 7.0, 12.0, 15.0, 13.0]",unsolvable,False,ENHSP default,60.0,32.621815,0,,,,0.0,,0,0,0,0,0,0,/mnt/c/Users/Endri/Desktop/planetary-rover-experimental-study/experiments/generated_problems/rover-timed-n7-mem-low-corr-medium-seed-4.pddl,/mnt/c/Users/Endri/Desktop/planetary-rover-experimental-study/experiments/generated_problems/rover-timed-n7-mem-low-corr-medium-seed-4.json,/mnt/c/Users/Endri/Desktop/planetary-rover-experimental-study/experiments/raw_outputs/rover-timed-n7-mem-low-corr-medium-seed-4.txt,
rover-timed-n7-mem-low-corr-high-seed-0,timed,0,7,low,0.35,12,32,2.666667,2.0,high,3,4,False,"[5, 5, 2, 4, 6, 5, 5]","[4, 5, 4, 3, 3, 4, 3]","[1.0, -1.0, -1.0, 2.0, -1.0, 2.0, -1.0]","[5.0, 4.0, 5.0, 10.0, 9.0, 14.0, 13.0]",unsolvable,False,ENHSP default,60.0,5.039125,0,,,,0.0,,0,0,0,0,0,0,/mnt/c/Users/Endri/Desktop/planetary-rover-experimental-study/experiments/generated_problems/rover-timed-n7-mem-low-corr-high-seed-0.pddl,/mnt/c/Users/Endri/Desktop/planetary-rover-experimental-study/experiments/generated_problems/rover-timed-n7-mem-low-corr-high-seed-0.json,/mnt/c/Users/Endri/Desktop/planetary-rover-experimental-study/experiments/raw_outputs/rover-timed-n7-mem-low-corr-high-seed-0.txt,
rover-timed-n7-mem-low-corr-high-seed-1,timed,1,7,low,0.35,10,27,2.7,2.0,high,3,4,False,"[3, 6, 2, 4, 2, 5, 5]","[5, 5, 3, 2, 5, 2, 5]","[2.0, -1.0, -1.0, 1.0, -1.0, -2.0, 1.0]","[7.0, 4.0, 5.0, 9.0, 9.0, 10.0, 15.0]",unsolvable,False,ENHSP default,60.0,3.12028,0,,,,0.0,,0,0,0,0,0,0,/mnt/c/Users/Endri/Desktop/planetary-rover-experimental-study/experiments/generated_problems/rover-timed-n7-mem-low-corr-high-seed-1.pddl,/mnt/c/Users/Endri/Desktop/planetary-rover-experimental-study/experiments/generated_problems/rover-timed-n7-mem-low-corr-high-seed-1.json,/mnt/c/Users/Endri/Desktop/planetary-rover-experimental-study/experiments/raw_outputs/rover-timed-n7-mem-low-corr-high-seed-1.txt,
rover-timed-n7-mem-low-corr-high-seed-2,timed,2,7,low,0.35,8,21,2.625,2.0,high,4,3,False,"[2, 2, 2, 4, 3, 4, 4]","[3, 2, 3, 5, 5, 4, 5]","[1.0, -2.0, -2.0, 2.0, 1.0, 1.0, -2.0]","[4.0, 2.0, 4.0, 10.0, 11.0, 13.0, 12.0]",unsolvable,False,ENHSP default,60.0,3.596843,0,,,,0.0,,0,0,0,0,0,0,/mnt/c/Users/Endri/Desktop/planetary-rover-experimental-study/experiments/generated_problems/rover-timed-n7-mem-low-corr-high-seed-2.pddl,/mnt/c/Users/Endri/Desktop/planetary-rover-experimental-study/experiments/generated_problems/rover-timed-n7-mem-low-corr-high-seed-2.json,/mnt/c/Users/Endri/Desktop/planetary-rover-experimental-study/experiments/raw_outputs/rover-timed-n7-mem-low-corr-high-seed-2.txt,
rover-timed-n7-mem-low-corr-high-seed-3,timed,3,7,low,0.35,12,33,2.75,2.0,high,4,3,False,"[3, 6, 6, 3, 4, 6, 5]","[2, 2, 5, 4, 3, 3, 5]","[1.0, -1.0, 2.0, -2.0, 1.0, 2.0, -1.0]","[3.0, 3.0, 8.0, 6.0, 11.0, 14.0, 13.0]",unsolvable,False,ENHSP default,60.0,7.285026,0,,,,0.0,,0,0,0,0,0,0,/mnt/c/Users/Endri/Desktop/planetary-rover-experimental-study/experiments/generated_problems/rover-timed-n7-mem-low-corr-high-seed-3.pddl,/mnt/c/Users/Endri/Desktop/planetary-rover-experimental-study/experiments/generated_problems/rover-timed-n7-mem-low-corr-high-seed-3.json,/mnt/c/Users/Endri/Desktop/planetary-rover-experimental-study/experiments/raw_outputs/rover-timed-n7-mem-low-corr-high-seed-3.txt,
rover-timed-n7-mem-low-corr-high-seed-4,timed,4,7,low,0.35,9,24,2.666667,2.0,high,4,3,False,"[3, 4, 2, 5, 5, 3, 2]","[2, 2, 5, 4, 2, 3, 4]","[1.0, -1.0, 1.0, -2.0, 1.0, 2.0, -2.0]","[3.0, 3.0, 7.0, 6.0, 11.0, 14.0, 12.0]",unsolvable,False,ENHSP default,60.0,3.965199,0,,,,0.0,,0,0,0,0,0,0,/mnt/c/Users/Endri/Desktop/planetary-rover-experimental-study/experiments/generated_problems/rover-timed-n7-mem-low-corr-high-seed-4.pddl,/mnt/c/Users/Endri/Desktop/planetary-rover-experimental-study/experiments/generated_problems/rover-timed-n7-mem-low-corr-high-seed-4.json,/mnt/c/Users/Endri/Desktop/planetary-rover-experimental-study/experiments/raw_outputs/rover-timed-n7-mem-low-corr-high-seed-4.txt,
rover-timed-n7-mem-medium-corr-low-seed-0,timed,0,7,medium,0.6,20,32,1.6,2.0,low,7,0,True,"[5, 5, 2, 4, 6, 5, 5]","[4, 5, 4, 3, 3, 4, 3]","[4.0, 3.0, 3.0, 5.0, 3.0, 5.0, 3.0]","[8.0, 8.0, 9.0, 13.0, 13.0, 17.0, 17.0]",solved,True,ENHSP default,60.0,1.03113,0,168,79.0,79.0,68.0,11.0,48,34,7,7,40,79.0,/mnt/c/Users/Endri/Desktop/planetary-rover-experimental-study/experiments/generated_problems/rover-timed-n7-mem-medium-corr-low-seed-0.pddl,/mnt/c/Users/Endri/Desktop/planetary-rover-experimental-study/experiments/generated_problems/rover-timed-n7-mem-medium-corr-low-seed-0.json,/mnt/c/Users/Endri/Desktop/planetary-rover-experimental-study/experiments/raw_outputs/rover-timed-n7-mem-medium-corr-low-seed-0.txt,
rover-timed-n7-mem-medium-corr-low-seed-1,timed,1,7,medium,0.6,17,27,1.588235,2.0,low,7,0,True,"[3, 6, 2, 4, 2, 5, 5]","[5, 5, 3, 2, 5, 2, 5]","[5.0, 3.0, 3.0, 4.0, 3.0, 2.0, 4.0]","[10.0, 8.0, 9.0, 12.0, 13.0, 14.0, 18.0]",solved,True,ENHSP default,60.0,1.014269,0,169,80.0,80.0,68.0,12.0,48,34,7,7,39,80.0,/mnt/c/Users/Endri/Desktop/planetary-rover-experimental-study/experiments/generated_problems/rover-timed-n7-mem-medium-corr-low-seed-1.pddl,/mnt/c/Users/Endri/Desktop/planetary-rover-experimental-study/experiments/generated_problems/rover-timed-n7-mem-medium-corr-low-seed-1.json,/mnt/c/Users/Endri/Desktop/planetary-rover-experimental-study/experiments/raw_outputs/rover-timed-n7-mem-medium-corr-low-seed-1.txt,
rover-timed-n7-mem-medium-corr-low-seed-2,timed,2,7,medium,0.6,13,21,1.615385,2.0,low,7,0,True,"[2, 2, 2, 4, 3, 4, 4]","[3, 2, 3, 5, 5, 4, 5]","[4.0, 2.0, 2.0, 5.0, 4.0, 4.0, 2.0]","[7.0, 6.0, 8.0, 13.0, 14.0, 16.0, 16.0]",solved,True,ENHSP default,60.0,0.968003,0,168,79.0,79.0,68.0,11.0,48,34,7,7,40,79.0,/mnt/c/Users/Endri/Desktop/planetary-rover-experimental-study/experiments/generated_problems/rover-timed-n7-mem-medium-corr-low-seed-2.pddl,/mnt/c/Users/Endri/Desktop/planetary-rover-experimental-study/experiments/generated_problems/rover-timed-n7-mem-medium-corr-low-seed-2.json,/mnt/c/Users/Endri/Desktop/planetary-rover-experimental-study/experiments/raw_outputs/rover-timed-n7-mem-medium-corr-low-seed-2.txt,
rover-timed-n7-mem-medium-corr-low-seed-3,timed,3,7,medium,0.6,20,33,1.65,2.0,low,7,0,True,"[3, 6, 6, 3, 4, 6, 5]","[2, 2, 5, 4, 3, 3, 5]","[4.0, 3.0, 5.0, 2.0, 4.0, 5.0, 3.0]","[6.0, 7.0, 11.0, 10.0, 14.0, 17.0, 17.0]",solved,True,ENHSP default,60.0,1.026094,0,162,73.0,73.0,68.0,5.0,48,34,7,7,37,73.0,/mnt/c/Users/Endri/Desktop/planetary-rover-experimental-study/experiments/generated_problems/rover-timed-n7-mem-medium-corr-low-seed-3.pddl,/mnt/c/Users/Endri/Desktop/planetary-rover-experimental-study/experiments/generated_problems/rover-timed-n7-mem-medium-corr-low-seed-3.json,/mnt/c/Users/Endri/Desktop/planetary-rover-experimental-study/experiments/raw_outputs/rover-timed-n7-mem-medium-corr-low-seed-3.txt,
rover-timed-n7-mem-medium-corr-low-seed-4,timed,4,7,medium,0.6,15,24,1.6,2.0,low,7,0,True,"[3, 4, 2, 5, 5, 3, 2]","[2, 2, 5, 4, 2, 3, 4]","[4.0, 3.0, 4.0, 2.0, 4.0, 5.0, 2.0]","[6.0, 7.0, 10.0, 10.0, 14.0, 17.0, 16.0]",solved,True,ENHSP default,60.0,1.146183,0,163,74.0,74.0,68.0,6.0,48,34,7,7,38,74.0,/mnt/c/Users/Endri/Desktop/planetary-rover-experimental-study/experiments/generated_problems/rover-timed-n7-mem-medium-corr-low-seed-4.pddl,/mnt/c/Users/Endri/Desktop/planetary-rover-experimental-study/experiments/generated_problems/rover-timed-n7-mem-medium-corr-low-seed-4.json,/mnt/c/Users/Endri/Desktop/planetary-rover-experimental-study/experiments/raw_outputs/rover-timed-n7-mem-medium-corr-low-seed-4.txt,
rover-timed-n7-mem-medium-corr-medium-seed-0,timed,0,7,medium,0.6,20,32,1.6,2.0,medium,7,0,True,"[5, 5, 2, 4, 6, 5, 5]","[4, 5, 4, 3, 3, 4, 3]","[2.0, 1.0, 1.0, 3.0, 1.0, 3.0, 1.0]","[6.0, 6.0, 7.0, 11.0, 11.0, 15.0, 15.0]",solved,True,ENHSP default,60.0,0.861219,0,162,73.0,73.0,68.0,5.0,48,34,7,7,38,73.0,/mnt/c/Users/Endri/Desktop/planetary-rover-experimental-study/experiments/generated_problems/rover-timed-n7-mem-medium-corr-medium-seed-0.pddl,/mnt/c/Users/Endri/Desktop/planetary-rover-experimental-study/experiments/generated_problems/rover-timed-n7-mem-medium-corr-medium-seed-0.json,/mnt/c/Users/Endri/Desktop/planetary-rover-experimental-study/experiments/raw_outputs/rover-timed-n7-mem-medium-corr-medium-seed-0.txt,
rover-timed-n7-mem-medium-corr-medium-seed-1,timed,1,7,medium,0.6,17,27,1.588235,2.0,medium,6,1,False,"[3, 6, 2, 4, 2, 5, 5]","[5, 5, 3, 2, 5, 2, 5]","[3.0, 1.0, 1.0, 2.0, 1.0, -1.0, 2.0]","[8.0, 6.0, 7.0, 10.0, 11.0, 11.0, 16.0]",timeout,False,ENHSP default,60.0,60.164738,124,,,,0.0,,0,0,0,0,0,0.0,/mnt/c/Users/Endri/Desktop/planetary-rover-experimental-study/experiments/generated_problems/rover-timed-n7-mem-medium-corr-medium-seed-1.pddl,/mnt/c/Users/Endri/Desktop/planetary-rover-experimental-study/experiments/generated_problems/rover-timed-n7-mem-medium-corr-medium-seed-1.json,/mnt/c/Users/Endri/Desktop/planetary-rover-experimental-study/experiments/raw_outputs/rover-timed-n7-mem-medium-corr-medium-seed-1.txt,
rover-timed-n7-mem-medium-corr-medium-seed-2,timed,2,7,medium,0.6,13,21,1.615385,2.0,medium,4,3,False,"[2, 2, 2, 4, 3, 4, 4]","[3, 2, 3, 5, 5, 4, 5]","[2.0, -1.0, -1.0, 3.0, 2.0, 2.0, -1.0]","[5.0, 3.0, 5.0, 11.0, 12.0, 14.0, 13.0]",unsolvable,False,ENHSP default,60.0,28.018137,0,,,,0.0,,0,0,0,0,0,0,/mnt/c/Users/Endri/Desktop/planetary-rover-experimental-study/experiments/generated_problems/rover-timed-n7-mem-medium-corr-medium-seed-2.pddl,/mnt/c/Users/Endri/Desktop/planetary-rover-experimental-study/experiments/generated_problems/rover-timed-n7-mem-medium-corr-medium-seed-2.json,/mnt/c/Users/Endri/Desktop/planetary-rover-experimental-study/experiments/raw_outputs/rover-timed-n7-mem-medium-corr-medium-seed-2.txt,
rover-timed-n7-mem-medium-corr-medium-seed-3,timed,3,7,medium,0.6,20,33,1.65,2.0,medium,6,1,False,"[3, 6, 6, 3, 4, 6, 5]","[2, 2, 5, 4, 3, 3, 5]","[2.0, 1.0, 3.0, -1.0, 2.0, 3.0, 1.0]","[4.0, 5.0, 9.0, 7.0, 12.0, 15.0, 15.0]",timeout,False,ENHSP default,60.0,60.171467,124,,,,0.0,,0,0,0,0,0,0.0,/mnt/c/Users/Endri/Desktop/planetary-rover-experimental-study/experiments/generated_problems/rover-timed-n7-mem-medium-corr-medium-seed-3.pddl,/mnt/c/Users/Endri/Desktop/planetary-rover-experimental-study/experiments/generated_problems/rover-timed-n7-mem-medium-corr-medium-seed-3.json,/mnt/c/Users/Endri/Desktop/planetary-rover-experimental-study/experiments/raw_outputs/rover-timed-n7-mem-medium-corr-medium-seed-3.txt,
rover-timed-n7-mem-medium-corr-medium-seed-4,timed,4,7,medium,0.6,15,24,1.6,2.0,medium,5,2,False,"[3, 4, 2, 5, 5, 3, 2]","[2, 2, 5, 4, 2, 3, 4]","[2.0, 1.0, 2.0, -1.0, 2.0, 3.0, -1.0]","[4.0, 5.0, 8.0, 7.0, 12.0, 15.0, 13.0]",timeout,False,ENHSP default,60.0,60.15458,124,,,,0.0,,0,0,0,0,0,0.0,/mnt/c/Users/Endri/Desktop/planetary-rover-experimental-study/experiments/generated_problems/rover-timed-n7-mem-medium-corr-medium-seed-4.pddl,/mnt/c/Users/Endri/Desktop/planetary-rover-experimental-study/experiments/generated_problems/rover-timed-n7-mem-medium-corr-medium-seed-4.json,/mnt/c/Users/Endri/Desktop/planetary-rover-experimental-study/experiments/raw_outputs/rover-timed-n7-mem-medium-corr-medium-seed-4.txt,
rover-timed-n7-mem-medium-corr-high-seed-0,timed,0,7,medium,0.6,20,32,1.6,2.0,high,3,4,False,"[5, 5, 2, 4, 6, 5, 5]","[4, 5, 4, 3, 3, 4, 3]","[1.0, -1.0, -1.0, 2.0, -1.0, 2.0, -1.0]","[5.0, 4.0, 5.0, 10.0, 9.0, 14.0, 13.0]",unsolvable,False,ENHSP default,60.0,7.673502,0,,,,0.0,,0,0,0,0,0,0,/mnt/c/Users/Endri/Desktop/planetary-rover-experimental-study/experiments/generated_problems/rover-timed-n7-mem-medium-corr-high-seed-0.pddl,/mnt/c/Users/Endri/Desktop/planetary-rover-experimental-study/experiments/generated_problems/rover-timed-n7-mem-medium-corr-high-seed-0.json,/mnt/c/Users/Endri/Desktop/planetary-rover-experimental-study/experiments/raw_outputs/rover-timed-n7-mem-medium-corr-high-seed-0.txt,
rover-timed-n7-mem-medium-corr-high-seed-1,timed,1,7,medium,0.6,17,27,1.588235,2.0,high,3,4,False,"[3, 6, 2, 4, 2, 5, 5]","[5, 5, 3, 2, 5, 2, 5]","[2.0, -1.0, -1.0, 1.0, -1.0, -2.0, 1.0]","[7.0, 4.0, 5.0, 9.0, 9.0, 10.0, 15.0]",unsolvable,False,ENHSP default,60.0,5.918329,0,,,,0.0,,0,0,0,0,0,0,/mnt/c/Users/Endri/Desktop/planetary-rover-experimental-study/experiments/generated_problems/rover-timed-n7-mem-medium-corr-high-seed-1.pddl,/mnt/c/Users/Endri/Desktop/planetary-rover-experimental-study/experiments/generated_problems/rover-timed-n7-mem-medium-corr-high-seed-1.json,/mnt/c/Users/Endri/Desktop/planetary-rover-experimental-study/experiments/raw_outputs/rover-timed-n7-mem-medium-corr-high-seed-1.txt,
rover-timed-n7-mem-medium-corr-high-seed-2,timed,2,7,medium,0.6,13,21,1.615385,2.0,high,4,3,False,"[2, 2, 2, 4, 3, 4, 4]","[3, 2, 3, 5, 5, 4, 5]","[1.0, -2.0, -2.0, 2.0, 1.0, 1.0, -2.0]","[4.0, 2.0, 4.0, 10.0, 11.0, 13.0, 12.0]",unsolvable,False,ENHSP default,60.0,5.949369,0,,,,0.0,,0,0,0,0,0,0,/mnt/c/Users/Endri/Desktop/planetary-rover-experimental-study/experiments/generated_problems/rover-timed-n7-mem-medium-corr-high-seed-2.pddl,/mnt/c/Users/Endri/Desktop/planetary-rover-experimental-study/experiments/generated_problems/rover-timed-n7-mem-medium-corr-high-seed-2.json,/mnt/c/Users/Endri/Desktop/planetary-rover-experimental-study/experiments/raw_outputs/rover-timed-n7-mem-medium-corr-high-seed-2.txt,
rover-timed-n7-mem-medium-corr-high-seed-3,timed,3,7,medium,0.6,20,33,1.65,2.0,high,4,3,False,"[3, 6, 6, 3, 4, 6, 5]","[2, 2, 5, 4, 3, 3, 5]","[1.0, -1.0, 2.0, -2.0, 1.0, 2.0, -1.0]","[3.0, 3.0, 8.0, 6.0, 11.0, 14.0, 13.0]",unsolvable,False,ENHSP default,60.0,12.346249,0,,,,0.0,,0,0,0,0,0,0,/mnt/c/Users/Endri/Desktop/planetary-rover-experimental-study/experiments/generated_problems/rover-timed-n7-mem-medium-corr-high-seed-3.pddl,/mnt/c/Users/Endri/Desktop/planetary-rover-experimental-study/experiments/generated_problems/rover-timed-n7-mem-medium-corr-high-seed-3.json,/mnt/c/Users/Endri/Desktop/planetary-rover-experimental-study/experiments/raw_outputs/rover-timed-n7-mem-medium-corr-high-seed-3.txt,
rover-timed-n7-mem-medium-corr-high-seed-4,timed,4,7,medium,0.6,15,24,1.6,2.0,high,4,3,False,"[3, 4, 2, 5, 5, 3, 2]","[2, 2, 5, 4, 2, 3, 4]","[1.0, -1.0, 1.0, -2.0, 1.0, 2.0, -2.0]","[3.0, 3.0, 7.0, 6.0, 11.0, 14.0, 12.0]",unsolvable,False,ENHSP default,60.0,7.423345,0,,,,0.0,,0,0,0,0,0,0,/mnt/c/Users/Endri/Desktop/planetary-rover-experimental-study/experiments/generated_problems/rover-timed-n7-mem-medium-corr-high-seed-4.pddl,/mnt/c/Users/Endri/Desktop/planetary-rover-experimental-study/experiments/generated_problems/rover-timed-n7-mem-medium-corr-high-seed-4.json,/mnt/c/Users/Endri/Desktop/planetary-rover-experimental-study/experiments/raw_outputs/rover-timed-n7-mem-medium-corr-high-seed-4.txt,
rover-timed-n7-mem-high-corr-low-seed-0,timed,0,7,high,1.0,32,32,1.0,2.0,low,7,0,True,"[5, 5, 2, 4, 6, 5, 5]","[4, 5, 4, 3, 3, 4, 3]","[4.0, 3.0, 3.0, 5.0, 3.0, 5.0, 3.0]","[8.0, 8.0, 9.0, 13.0, 13.0, 17.0, 17.0]",solved,True,ENHSP default,60.0,1.152748,0,170,81.0,81.0,68.0,13.0,48,34,7,7,41,81.0,/mnt/c/Users/Endri/Desktop/planetary-rover-experimental-study/experiments/generated_problems/rover-timed-n7-mem-high-corr-low-seed-0.pddl,/mnt/c/Users/Endri/Desktop/planetary-rover-experimental-study/experiments/generated_problems/rover-timed-n7-mem-high-corr-low-seed-0.json,/mnt/c/Users/Endri/Desktop/planetary-rover-experimental-study/experiments/raw_outputs/rover-timed-n7-mem-high-corr-low-seed-0.txt,
rover-timed-n7-mem-high-corr-low-seed-1,timed,1,7,high,1.0,27,27,1.0,2.0,low,7,0,True,"[3, 6, 2, 4, 2, 5, 5]","[5, 5, 3, 2, 5, 2, 5]","[5.0, 3.0, 3.0, 4.0, 3.0, 2.0, 4.0]","[10.0, 8.0, 9.0, 12.0, 13.0, 14.0, 18.0]",solved,True,ENHSP default,60.0,1.220287,0,170,81.0,81.0,68.0,13.0,48,34,7,7,39,81.0,/mnt/c/Users/Endri/Desktop/planetary-rover-experimental-study/experiments/generated_problems/rover-timed-n7-mem-high-corr-low-seed-1.pddl,/mnt/c/Users/Endri/Desktop/planetary-rover-experimental-study/experiments/generated_problems/rover-timed-n7-mem-high-corr-low-seed-1.json,/mnt/c/Users/Endri/Desktop/planetary-rover-experimental-study/experiments/raw_outputs/rover-timed-n7-mem-high-corr-low-seed-1.txt,
rover-timed-n7-mem-high-corr-low-seed-2,timed,2,7,high,1.0,21,21,1.0,2.0,low,7,0,True,"[2, 2, 2, 4, 3, 4, 4]","[3, 2, 3, 5, 5, 4, 5]","[4.0, 2.0, 2.0, 5.0, 4.0, 4.0, 2.0]","[7.0, 6.0, 8.0, 13.0, 14.0, 16.0, 16.0]",solved,True,ENHSP default,60.0,1.266529,0,169,80.0,80.0,68.0,12.0,48,34,7,7,39,80.0,/mnt/c/Users/Endri/Desktop/planetary-rover-experimental-study/experiments/generated_problems/rover-timed-n7-mem-high-corr-low-seed-2.pddl,/mnt/c/Users/Endri/Desktop/planetary-rover-experimental-study/experiments/generated_problems/rover-timed-n7-mem-high-corr-low-seed-2.json,/mnt/c/Users/Endri/Desktop/planetary-rover-experimental-study/experiments/raw_outputs/rover-timed-n7-mem-high-corr-low-seed-2.txt,
rover-timed-n7-mem-high-corr-low-seed-3,timed,3,7,high,1.0,33,33,1.0,2.0,low,7,0,True,"[3, 6, 6, 3, 4, 6, 5]","[2, 2, 5, 4, 3, 3, 5]","[4.0, 3.0, 5.0, 2.0, 4.0, 5.0, 3.0]","[6.0, 7.0, 11.0, 10.0, 14.0, 17.0, 17.0]",solved,True,ENHSP default,60.0,1.196125,0,164,75.0,75.0,68.0,7.0,48,34,7,7,37,75.0,/mnt/c/Users/Endri/Desktop/planetary-rover-experimental-study/experiments/generated_problems/rover-timed-n7-mem-high-corr-low-seed-3.pddl,/mnt/c/Users/Endri/Desktop/planetary-rover-experimental-study/experiments/generated_problems/rover-timed-n7-mem-high-corr-low-seed-3.json,/mnt/c/Users/Endri/Desktop/planetary-rover-experimental-study/experiments/raw_outputs/rover-timed-n7-mem-high-corr-low-seed-3.txt,
rover-timed-n7-mem-high-corr-low-seed-4,timed,4,7,high,1.0,24,24,1.0,2.0,low,7,0,True,"[3, 4, 2, 5, 5, 3, 2]","[2, 2, 5, 4, 2, 3, 4]","[4.0, 3.0, 4.0, 2.0, 4.0, 5.0, 2.0]","[6.0, 7.0, 10.0, 10.0, 14.0, 17.0, 16.0]",solved,True,ENHSP default,60.0,1.36492,0,164,75.0,75.0,68.0,7.0,48,34,7,7,37,75.0,/mnt/c/Users/Endri/Desktop/planetary-rover-experimental-study/experiments/generated_problems/rover-timed-n7-mem-high-corr-low-seed-4.pddl,/mnt/c/Users/Endri/Desktop/planetary-rover-experimental-study/experiments/generated_problems/rover-timed-n7-mem-high-corr-low-seed-4.json,/mnt/c/Users/Endri/Desktop/planetary-rover-experimental-study/experiments/raw_outputs/rover-timed-n7-mem-high-corr-low-seed-4.txt,
rover-timed-n7-mem-high-corr-medium-seed-0,timed,0,7,high,1.0,32,32,1.0,2.0,medium,7,0,True,"[5, 5, 2, 4, 6, 5, 5]","[4, 5, 4, 3, 3, 4, 3]","[2.0, 1.0, 1.0, 3.0, 1.0, 3.0, 1.0]","[6.0, 6.0, 7.0, 11.0, 11.0, 15.0, 15.0]",solved,True,ENHSP default,60.0,0.973904,0,162,73.0,73.0,68.0,5.0,48,34,7,7,38,73.0,/mnt/c/Users/Endri/Desktop/planetary-rover-experimental-study/experiments/generated_problems/rover-timed-n7-mem-high-corr-medium-seed-0.pddl,/mnt/c/Users/Endri/Desktop/planetary-rover-experimental-study/experiments/generated_problems/rover-timed-n7-mem-high-corr-medium-seed-0.json,/mnt/c/Users/Endri/Desktop/planetary-rover-experimental-study/experiments/raw_outputs/rover-timed-n7-mem-high-corr-medium-seed-0.txt,
rover-timed-n7-mem-high-corr-medium-seed-1,timed,1,7,high,1.0,27,27,1.0,2.0,medium,6,1,False,"[3, 6, 2, 4, 2, 5, 5]","[5, 5, 3, 2, 5, 2, 5]","[3.0, 1.0, 1.0, 2.0, 1.0, -1.0, 2.0]","[8.0, 6.0, 7.0, 10.0, 11.0, 11.0, 16.0]",timeout,False,ENHSP default,60.0,60.159282,124,,,,0.0,,0,0,0,0,0,0.0,/mnt/c/Users/Endri/Desktop/planetary-rover-experimental-study/experiments/generated_problems/rover-timed-n7-mem-high-corr-medium-seed-1.pddl,/mnt/c/Users/Endri/Desktop/planetary-rover-experimental-study/experiments/generated_problems/rover-timed-n7-mem-high-corr-medium-seed-1.json,/mnt/c/Users/Endri/Desktop/planetary-rover-experimental-study/experiments/raw_outputs/rover-timed-n7-mem-high-corr-medium-seed-1.txt,
rover-timed-n7-mem-high-corr-medium-seed-2,timed,2,7,high,1.0,21,21,1.0,2.0,medium,4,3,False,"[2, 2, 2, 4, 3, 4, 4]","[3, 2, 3, 5, 5, 4, 5]","[2.0, -1.0, -1.0, 3.0, 2.0, 2.0, -1.0]","[5.0, 3.0, 5.0, 11.0, 12.0, 14.0, 13.0]",unsolvable,False,ENHSP default,60.0,31.381826,0,,,,0.0,,0,0,0,0,0,0,/mnt/c/Users/Endri/Desktop/planetary-rover-experimental-study/experiments/generated_problems/rover-timed-n7-mem-high-corr-medium-seed-2.pddl,/mnt/c/Users/Endri/Desktop/planetary-rover-experimental-study/experiments/generated_problems/rover-timed-n7-mem-high-corr-medium-seed-2.json,/mnt/c/Users/Endri/Desktop/planetary-rover-experimental-study/experiments/raw_outputs/rover-timed-n7-mem-high-corr-medium-seed-2.txt,
rover-timed-n7-mem-high-corr-medium-seed-3,timed,3,7,high,1.0,33,33,1.0,2.0,medium,6,1,False,"[3, 6, 6, 3, 4, 6, 5]","[2, 2, 5, 4, 3, 3, 5]","[2.0, 1.0, 3.0, -1.0, 2.0, 3.0, 1.0]","[4.0, 5.0, 9.0, 7.0, 12.0, 15.0, 15.0]",timeout,False,ENHSP default,60.0,60.173594,124,,,,0.0,,0,0,0,0,0,0.0,/mnt/c/Users/Endri/Desktop/planetary-rover-experimental-study/experiments/generated_problems/rover-timed-n7-mem-high-corr-medium-seed-3.pddl,/mnt/c/Users/Endri/Desktop/planetary-rover-experimental-study/experiments/generated_problems/rover-timed-n7-mem-high-corr-medium-seed-3.json,/mnt/c/Users/Endri/Desktop/planetary-rover-experimental-study/experiments/raw_outputs/rover-timed-n7-mem-high-corr-medium-seed-3.txt,
rover-timed-n7-mem-high-corr-medium-seed-4,timed,4,7,high,1.0,24,24,1.0,2.0,medium,5,2,False,"[3, 4, 2, 5, 5, 3, 2]","[2, 2, 5, 4, 2, 3, 4]","[2.0, 1.0, 2.0, -1.0, 2.0, 3.0, -1.0]","[4.0, 5.0, 8.0, 7.0, 12.0, 15.0, 13.0]",timeout,False,ENHSP default,60.0,60.157212,124,,,,0.0,,0,0,0,0,0,0.0,/mnt/c/Users/Endri/Desktop/planetary-rover-experimental-study/experiments/generated_problems/rover-timed-n7-mem-high-corr-medium-seed-4.pddl,/mnt/c/Users/Endri/Desktop/planetary-rover-experimental-study/experiments/generated_problems/rover-timed-n7-mem-high-corr-medium-seed-4.json,/mnt/c/Users/Endri/Desktop/planetary-rover-experimental-study/experiments/raw_outputs/rover-timed-n7-mem-high-corr-medium-seed-4.txt,
rover-timed-n7-mem-high-corr-high-seed-0,timed,0,7,high,1.0,32,32,1.0,2.0,high,3,4,False,"[5, 5, 2, 4, 6, 5, 5]","[4, 5, 4, 3, 3, 4, 3]","[1.0, -1.0, -1.0, 2.0, -1.0, 2.0, -1.0]","[5.0, 4.0, 5.0, 10.0, 9.0, 14.0, 13.0]",unsolvable,False,ENHSP default,60.0,7.718473,0,,,,0.0,,0,0,0,0,0,0,/mnt/c/Users/Endri/Desktop/planetary-rover-experimental-study/experiments/generated_problems/rover-timed-n7-mem-high-corr-high-seed-0.pddl,/mnt/c/Users/Endri/Desktop/planetary-rover-experimental-study/experiments/generated_problems/rover-timed-n7-mem-high-corr-high-seed-0.json,/mnt/c/Users/Endri/Desktop/planetary-rover-experimental-study/experiments/raw_outputs/rover-timed-n7-mem-high-corr-high-seed-0.txt,
rover-timed-n7-mem-high-corr-high-seed-1,timed,1,7,high,1.0,27,27,1.0,2.0,high,3,4,False,"[3, 6, 2, 4, 2, 5, 5]","[5, 5, 3, 2, 5, 2, 5]","[2.0, -1.0, -1.0, 1.0, -1.0, -2.0, 1.0]","[7.0, 4.0, 5.0, 9.0, 9.0, 10.0, 15.0]",unsolvable,False,ENHSP default,60.0,6.046969,0,,,,0.0,,0,0,0,0,0,0,/mnt/c/Users/Endri/Desktop/planetary-rover-experimental-study/experiments/generated_problems/rover-timed-n7-mem-high-corr-high-seed-1.pddl,/mnt/c/Users/Endri/Desktop/planetary-rover-experimental-study/experiments/generated_problems/rover-timed-n7-mem-high-corr-high-seed-1.json,/mnt/c/Users/Endri/Desktop/planetary-rover-experimental-study/experiments/raw_outputs/rover-timed-n7-mem-high-corr-high-seed-1.txt,
rover-timed-n7-mem-high-corr-high-seed-2,timed,2,7,high,1.0,21,21,1.0,2.0,high,4,3,False,"[2, 2, 2, 4, 3, 4, 4]","[3, 2, 3, 5, 5, 4, 5]","[1.0, -2.0, -2.0, 2.0, 1.0, 1.0, -2.0]","[4.0, 2.0, 4.0, 10.0, 11.0, 13.0, 12.0]",unsolvable,False,ENHSP default,60.0,6.104703,0,,,,0.0,,0,0,0,0,0,0,/mnt/c/Users/Endri/Desktop/planetary-rover-experimental-study/experiments/generated_problems/rover-timed-n7-mem-high-corr-high-seed-2.pddl,/mnt/c/Users/Endri/Desktop/planetary-rover-experimental-study/experiments/generated_problems/rover-timed-n7-mem-high-corr-high-seed-2.json,/mnt/c/Users/Endri/Desktop/planetary-rover-experimental-study/experiments/raw_outputs/rover-timed-n7-mem-high-corr-high-seed-2.txt,
rover-timed-n7-mem-high-corr-high-seed-3,timed,3,7,high,1.0,33,33,1.0,2.0,high,4,3,False,"[3, 6, 6, 3, 4, 6, 5]","[2, 2, 5, 4, 3, 3, 5]","[1.0, -1.0, 2.0, -2.0, 1.0, 2.0, -1.0]","[3.0, 3.0, 8.0, 6.0, 11.0, 14.0, 13.0]",unsolvable,False,ENHSP default,60.0,11.552799,0,,,,0.0,,0,0,0,0,0,0,/mnt/c/Users/Endri/Desktop/planetary-rover-experimental-study/experiments/generated_problems/rover-timed-n7-mem-high-corr-high-seed-3.pddl,/mnt/c/Users/Endri/Desktop/planetary-rover-experimental-study/experiments/generated_problems/rover-timed-n7-mem-high-corr-high-seed-3.json,/mnt/c/Users/Endri/Desktop/planetary-rover-experimental-study/experiments/raw_outputs/rover-timed-n7-mem-high-corr-high-seed-3.txt,
rover-timed-n7-mem-high-corr-high-seed-4,timed,4,7,high,1.0,24,24,1.0,2.0,high,4,3,False,"[3, 4, 2, 5, 5, 3, 2]","[2, 2, 5, 4, 2, 3, 4]","[1.0, -1.0, 1.0, -2.0, 1.0, 2.0, -2.0]","[3.0, 3.0, 7.0, 6.0, 11.0, 14.0, 12.0]",unsolvable,False,ENHSP default,60.0,7.045761,0,,,,0.0,,0,0,0,0,0,0,/mnt/c/Users/Endri/Desktop/planetary-rover-experimental-study/experiments/generated_problems/rover-timed-n7-mem-high-corr-high-seed-4.pddl,/mnt/c/Users/Endri/Desktop/planetary-rover-experimental-study/experiments/generated_problems/rover-timed-n7-mem-high-corr-high-seed-4.json,/mnt/c/Users/Endri/Desktop/planetary-rover-experimental-study/experiments/raw_outputs/rover-timed-n7-mem-high-corr-high-seed-4.txt,
